2017-03-02 00:00:00, 0.0, 1.12e-09
2017-03-02 00:00:03, 0.0, 5.95e-10
2017-03-02 00:00:05, 0.0, 1.24e-09
2017-03-02 00:00:07, 0.0, 5.23e-10
2017-03-02 00:00:09, 0.0, 1.28e-09
2017-03-02 00:00:11, 0.0, 1.39e-09
2017-03-02 00:00:13, 0.0, 1.2e-09
2017-03-02 00:00:15, 0.0, 1.36e-09
2017-03-02 00:00:17, 0.0, 1.09e-09
2017-03-02 00:00:20, 0.0, 1.33e-09
2017-03-02 00:00:22, 0.0, 5.72e-10
2017-03-02 00:00:24, 0.0, 5.78e-10
2017-03-02 00:00:26, 0.0, 1.46e-09
2017-03-02 00:00:28, 0.0, 1.24e-09
2017-03-02 00:00:30, 0.0, 1.05e-09
2017-03-02 00:00:32, 0.0, 1.2e-09
2017-03-02 00:00:34, 0.0, 5.92e-10
2017-03-02 00:00:37, 0.0, 1.04e-09
2017-03-02 00:00:39, 0.0, 9.93e-10
2017-03-02 00:00:41, 0.0, 1.19e-09
2017-03-02 00:00:43, 0.0, 6.91e-10
2017-03-02 00:00:45, 0.0, 1.04e-09
2017-03-02 00:00:47, 0.0, 5.71e-10
2017-03-02 00:00:49, 0.0, 7.79e-10
2017-03-02 00:00:51, 0.0, 1.14e-09
2017-03-02 00:00:53, 0.0, 5.56e-10
2017-03-02 00:00:56, 0.0, 6.55e-10
2017-03-02 00:00:58, 0.0, 6.27e-10
2017-03-02 00:01:00, 0.0, 8e-10
2017-03-02 00:01:02, 0.0, 5.24e-10
2017-03-02 00:01:04, 0.0, 5.85e-10
2017-03-02 00:01:06, 0.0, 6.4e-10
2017-03-02 00:01:08, 0.0, 6.31e-10
2017-03-02 00:01:10, 0.0, 6.47e-10
2017-03-02 00:01:12, 0.0, 8.46e-10
2017-03-02 00:01:15, 0.0, 7.52e-10
2017-03-02 00:01:17, 0.0, 6.72e-10
2017-03-02 00:01:19, 0.0, 9.3e-10
2017-03-02 00:01:21, 0.0, 1.05e-09
2017-03-02 00:01:23, 0.0, 1.31e-09
2017-03-02 00:01:25, 0.0, 6.37e-10
2017-03-02 00:01:27, 0.0, 1.46e-09
2017-03-02 00:01:29, 0.0, 6.45e-10
2017-03-02 00:01:31, 0.0, 1.21e-09
2017-03-02 00:01:34, 0.0, 1.19e-09
2017-03-02 00:01:36, 0.0, 1.29e-09
2017-03-02 00:01:38, 0.0, 1.28e-09
2017-03-02 00:01:40, 0.0, 6.33e-10
2017-03-02 00:01:42, 0.0, 1.1e-09
2017-03-02 00:01:44, 0.0, 1.19e-09
2017-03-02 00:01:46, 0.0, 1.3e-09
2017-03-02 00:01:48, 0.0, 5.26e-10
2017-03-02 00:01:50, 0.0, 1.35e-09
2017-03-02 00:01:53, 0.0, 7.35e-10
2017-03-02 00:01:55, 0.0, 8.13e-10
2017-03-02 00:01:57, 0.0, 1.17e-09
2017-03-02 00:01:59, 0.0, 1.19e-09
2017-03-02 00:02:01, 0.0, 9.3e-10
2017-03-02 00:02:03, 0.0, 1.03e-09
2017-03-02 00:02:05, 0.0, 1.18e-09
2017-03-02 00:02:07, 0.0, 4.89e-10
2017-03-02 00:02:09, 0.0, 9.46e-10
2017-03-02 00:02:12, 0.0, 8.63e-10
2017-03-02 00:02:14, 0.0, 5.72e-10
2017-03-02 00:02:16, 0.0, 5.86e-10
2017-03-02 00:02:18, 0.0, 7.68e-10
2017-03-02 00:02:20, 0.0, 1.13e-09
2017-03-02 00:02:22, 0.0, 7e-10
2017-03-02 00:02:24, 0.0, 1.12e-09
2017-03-02 00:02:26, 0.0, 8.64e-10
2017-03-02 00:02:28, 0.0, 5.09e-10
2017-03-02 00:02:31, 0.0, 8.03e-10
2017-03-02 00:02:33, 0.0, 5.16e-10
2017-03-02 00:02:35, 0.0, 8.04e-10
2017-03-02 00:02:37, 0.0, 1.17e-09
2017-03-02 00:02:39, 0.0, 1.23e-09
2017-03-02 00:02:41, 0.0, 8.01e-10
2017-03-02 00:02:43, 0.0, 1.36e-09
2017-03-02 00:02:45, 0.0, 1.4e-09
2017-03-02 00:02:47, 0.0, 1.17e-09
2017-03-02 00:02:50, 0.0, 7.63e-10
2017-03-02 00:02:52, 0.0, 1.12e-09
2017-03-02 00:02:54, 0.0, 1.2e-09
2017-03-02 00:02:56, 0.0, 5.69e-10
2017-03-02 00:02:58, 0.0, 1.24e-09
2017-03-02 00:03:00, 0.0, 6.12e-10
2017-03-02 00:03:02, 0.0, 4.91e-10
2017-03-02 00:03:04, 0.0, 1.29e-09
2017-03-02 00:03:06, 0.0, 1.14e-09
2017-03-02 00:03:09, 0.0, 1.23e-09
2017-03-02 00:03:11, 0.0, 1.32e-09
2017-03-02 00:03:13, 0.0, 7.86e-10
2017-03-02 00:03:15, 0.0, 1.18e-09
2017-03-02 00:03:17, 0.0, 5.3e-10
2017-03-02 00:03:19, 0.0, 1.28e-09
2017-03-02 00:03:21, 0.0, 1.29e-09
2017-03-02 00:03:23, 0.0, 6.22e-10
2017-03-02 00:03:26, 0.0, 1.18e-09
2017-03-02 00:03:28, 0.0, 1.38e-09
2017-03-02 00:03:30, 0.0, 1.12e-09
2017-03-02 00:03:32, 0.0, 1.05e-09
2017-03-02 00:03:34, 0.0, 1.37e-09
2017-03-02 00:03:36, 0.0, 8.12e-10
2017-03-02 00:03:38, 0.0, 1.18e-09
2017-03-02 00:03:40, 0.0, 7.21e-10
2017-03-02 00:03:42, 0.0, 7.75e-10
2017-03-02 00:03:45, 0.0, 9.04e-10
2017-03-02 00:03:47, 0.0, 1.18e-09
2017-03-02 00:03:49, 0.0, 8.17e-10
2017-03-02 00:03:51, 0.0, 1.32e-09
2017-03-02 00:03:53, 0.0, 9.07e-10
2017-03-02 00:03:55, 0.0, 5.36e-10
2017-03-02 00:03:57, 0.0, 8.23e-10
2017-03-02 00:03:59, 0.0, 9.87e-10
2017-03-02 00:04:01, 0.0, 1.56e-09
2017-03-02 00:04:04, 0.0, 8.27e-10
2017-03-02 00:04:06, 0.0, 1.4e-09
2017-03-02 00:04:08, 0.0, 6.28e-10
2017-03-02 00:04:10, 0.0, 6.11e-10
2017-03-02 00:04:12, 0.0, 9.34e-10
2017-03-02 00:04:14, 0.0, 1.4e-09
2017-03-02 00:04:16, 0.0, 9.38e-10
2017-03-02 00:04:18, 0.0, 1.31e-09
2017-03-02 00:04:20, 0.0, 1.32e-09
2017-03-02 00:04:23, 0.0, 1.33e-09
2017-03-02 00:04:25, 0.0, 1.58e-09
2017-03-02 00:04:27, 0.0, 1.02e-09
2017-03-02 00:04:29, 0.0, 5.02e-10
2017-03-02 00:04:31, 0.0, 6.28e-10
2017-03-02 00:04:33, 0.0, 1.25e-09
2017-03-02 00:04:35, 0.0, 1.44e-09
2017-03-02 00:04:37, 0.0, 1.36e-09
2017-03-02 00:04:39, 0.0, 8.12e-10
2017-03-02 00:04:42, 0.0, 1.08e-09
2017-03-02 00:04:44, 0.0, 1.35e-09
2017-03-02 00:04:46, 0.0, 8.23e-10
2017-03-02 00:04:48, 0.0, 1.15e-09
2017-03-02 00:04:50, 0.0, 1.15e-09
2017-03-02 00:04:52, 0.0, 1.26e-09
2017-03-02 00:04:54, 0.0, 1.01e-09
2017-03-02 00:04:56, 0.0, 4.91e-10
2017-03-02 00:04:59, 0.0, 8.11e-10
2017-03-02 00:05:01, 0.0, 8.53e-10
2017-03-02 00:05:03, 0.0, 1.06e-09
2017-03-02 00:05:05, 0.0, 1.28e-09
2017-03-02 00:05:07, 0.0, 8.65e-10
2017-03-02 00:05:09, 0.0, 5.98e-10
2017-03-02 00:05:11, 0.0, 1.19e-09
2017-03-02 00:05:13, 0.0, 5.31e-10
2017-03-02 00:05:15, 0.0, 6.04e-10
2017-03-02 00:05:18, 0.0, 4.74e-10
2017-03-02 00:05:20, 0.0, 9.18e-10
2017-03-02 00:05:22, 0.0, 7.2e-10
2017-03-02 00:05:24, 0.0, 4.7e-10
2017-03-02 00:05:26, 0.0, 9.35e-10
2017-03-02 00:05:28, 0.0, 1.09e-09
2017-03-02 00:05:30, 0.0, 1e-09
2017-03-02 00:05:32, 0.0, 1.25e-09
2017-03-02 00:05:34, 0.0, 1.2e-09
2017-03-02 00:05:37, 0.0, 1.17e-09
2017-03-02 00:05:39, 0.0, 8.04e-10
2017-03-02 00:05:41, 0.0, 1.29e-09
2017-03-02 00:05:43, 0.0, 1.28e-09
2017-03-02 00:05:45, 0.0, 1.17e-09
2017-03-02 00:05:47, 0.0, 1.02e-09
2017-03-02 00:05:49, 0.0, 1.19e-09
2017-03-02 00:05:51, 0.0, 1.2e-09
2017-03-02 00:05:53, 0.0, 6.11e-10
2017-03-02 00:05:56, 0.0, 5.63e-10
2017-03-02 00:05:58, 0.0, 4.61e-10
2017-03-02 00:06:00, 0.0, 4.5e-10
2017-03-02 00:06:02, 0.0, 4.6e-10
2017-03-02 00:06:04, 0.0, 5.69e-10
2017-03-02 00:06:06, 0.0, 1.48e-09
2017-03-02 00:06:08, 0.0, 1.24e-09
2017-03-02 00:06:10, 0.0, 7.14e-10
2017-03-02 00:06:12, 0.0, 6.22e-10
2017-03-02 00:06:15, 0.0, 1.16e-09
2017-03-02 00:06:17, 0.0, 5.7e-10
2017-03-02 00:06:19, 0.0, 1.18e-09
2017-03-02 00:06:21, 0.0, 5.91e-10
2017-03-02 00:06:23, 0.0, 1.24e-09
2017-03-02 00:06:25, 0.0, 1.42e-09
2017-03-02 00:06:27, 0.0, 5.36e-10
2017-03-02 00:06:29, 0.0, 6.22e-10
2017-03-02 00:06:31, 0.0, 5.24e-10
2017-03-02 00:06:34, 0.0, 5.11e-10
2017-03-02 00:06:36, 0.0, 7.11e-10
2017-03-02 00:06:38, 0.0, 9.9e-10
2017-03-02 00:06:40, 0.0, 1.3e-09
2017-03-02 00:06:42, 0.0, 5.1e-10
2017-03-02 00:06:44, 0.0, 5.9e-10
2017-03-02 00:06:46, 0.0, 7.25e-10
2017-03-02 00:06:48, 0.0, 8.28e-10
2017-03-02 00:06:50, 0.0, 8.36e-10
2017-03-02 00:06:53, 0.0, 5.25e-10
2017-03-02 00:06:55, 0.0, 8.73e-10
2017-03-02 00:06:57, 0.0, 8.41e-10
2017-03-02 00:06:59, 0.0, 4.59e-10
2017-03-02 00:07:01, 0.0, 7.74e-10
2017-03-02 00:07:03, 0.0, 1.06e-09
2017-03-02 00:07:05, 0.0, 4.82e-10
2017-03-02 00:07:07, 0.0, 4.51e-10
2017-03-02 00:07:09, 0.0, 5.82e-10
2017-03-02 00:07:12, 0.0, 5.38e-10
2017-03-02 00:07:14, 0.0, 1.07e-09
2017-03-02 00:07:16, 0.0, 9.67e-10
2017-03-02 00:07:18, 0.0, 8.19e-10
2017-03-02 00:07:20, 0.0, 8.17e-10
2017-03-02 00:07:22, 0.0, 5.39e-10
2017-03-02 00:07:24, 0.0, 6.64e-10
2017-03-02 00:07:26, 0.0, 1.07e-09
2017-03-02 00:07:28, 0.0, 1.12e-09
2017-03-02 00:07:31, 0.0, 9.96e-10
2017-03-02 00:07:33, 0.0, 1.05e-09
2017-03-02 00:07:35, 0.0, 1.01e-09
2017-03-02 00:07:37, 0.0, 1.16e-09
2017-03-02 00:07:39, 0.0, 1.59e-09
2017-03-02 00:07:41, 0.0, 6.45e-10
2017-03-02 00:07:43, 0.0, 9.53e-10
2017-03-02 00:07:45, 0.0, 1.29e-09
2017-03-02 00:07:47, 0.0, 5.61e-10
2017-03-02 00:07:50, 0.0, 1.07e-09
2017-03-02 00:07:52, 0.0, 1.1e-09
2017-03-02 00:07:54, 0.0, 1.14e-09
2017-03-02 00:07:56, 0.0, 1.33e-09
2017-03-02 00:07:58, 0.0, 1.23e-09
2017-03-02 00:08:00, 0.0, 1.45e-09
2017-03-02 00:08:02, 0.0, 8.67e-10
2017-03-02 00:08:04, 0.0, 8.48e-10
2017-03-02 00:08:06, 0.0, 5.66e-10
2017-03-02 00:08:09, 0.0, 1.11e-09
2017-03-02 00:08:11, 0.0, 1.37e-09
2017-03-02 00:08:13, 0.0, 1.4e-09
2017-03-02 00:08:15, 0.0, 1.38e-09
2017-03-02 00:08:17, 0.0, 5.95e-10
2017-03-02 00:08:19, 0.0, 1.01e-09
2017-03-02 00:08:21, 0.0, 1.33e-09
2017-03-02 00:08:23, 0.0, 1.27e-09
2017-03-02 00:08:25, 0.0, 6.27e-10
2017-03-02 00:08:28, 0.0, 5.97e-10
2017-03-02 00:08:30, 0.0, 5.3e-10
2017-03-02 00:08:32, 0.0, 4.83e-10
2017-03-02 00:08:34, 0.0, 1.21e-09
2017-03-02 00:08:36, 0.0, 1.25e-09
2017-03-02 00:08:38, 0.0, 1.13e-09
2017-03-02 00:08:40, 0.0, 1.29e-09
2017-03-02 00:08:42, 0.0, 1.03e-09
2017-03-02 00:08:45, 0.0, 1.09e-09
2017-03-02 00:08:47, 0.0, 1.2e-09
2017-03-02 00:08:49, 0.0, 5.63e-10
2017-03-02 00:08:51, 0.0, 5.26e-10
2017-03-02 00:08:53, 0.0, 5.64e-10
2017-03-02 00:08:55, 0.0, 1.2e-09
2017-03-02 00:08:57, 0.0, 1.51e-09
2017-03-02 00:08:59, 0.0, 1.14e-09
2017-03-02 00:09:01, 0.0, 1.3e-09
2017-03-02 00:09:04, 0.0, 1.09e-09
2017-03-02 00:09:06, 0.0, 1.32e-09
2017-03-02 00:09:08, 0.0, 1.13e-09
2017-03-02 00:09:10, 0.0, 5.14e-10
2017-03-02 00:09:12, 0.0, 1.42e-09
2017-03-02 00:09:14, 0.0, 1.26e-09
2017-03-02 00:09:16, 0.0, 1.39e-09
2017-03-02 00:09:18, 0.0, 1.15e-09
2017-03-02 00:09:20, 0.0, 1.31e-09
2017-03-02 00:09:23, 0.0, 1.16e-09
2017-03-02 00:09:25, 0.0, 1.42e-09
2017-03-02 00:09:27, 0.0, 1.26e-09
2017-03-02 00:09:29, 0.0, 1.33e-09
2017-03-02 00:09:31, 0.0, 6.71e-10
2017-03-02 00:09:33, 0.0, 5.72e-10
2017-03-02 00:09:35, 0.0, 9.93e-10
2017-03-02 00:09:37, 0.0, 8.26e-10
2017-03-02 00:09:39, 0.0, 1.3e-09
2017-03-02 00:09:42, 0.0, 9.5e-10
2017-03-02 00:09:44, 0.0, 1.32e-09
2017-03-02 00:09:46, 0.0, 5.93e-10
2017-03-02 00:09:48, 0.0, 5.38e-10
2017-03-02 00:09:50, 0.0, 1.1e-09
2017-03-02 00:09:52, 0.0, 5.02e-10
2017-03-02 00:09:54, 0.0, 5.61e-10
2017-03-02 00:09:56, 0.0, 1.18e-09
2017-03-02 00:09:58, 0.0, 5.75e-10
2017-03-02 00:10:01, 0.0, 6.12e-10
2017-03-02 00:10:03, 0.0, 1.08e-09
2017-03-02 00:10:05, 0.0, 1.37e-09
2017-03-02 00:10:07, 0.0, 8.72e-10
2017-03-02 00:10:09, 0.0, 1.16e-09
2017-03-02 00:10:11, 0.0, 1.09e-09
2017-03-02 00:10:13, 0.0, 1.24e-09
2017-03-02 00:10:15, 0.0, 1.1e-09
2017-03-02 00:10:17, 0.0, 1.38e-09
2017-03-02 00:10:20, 0.0, 1.08e-09
2017-03-02 00:10:22, 0.0, 1.29e-09
2017-03-02 00:10:24, 0.0, 8.75e-10
2017-03-02 00:10:26, 0.0, 6.52e-10
2017-03-02 00:10:28, 0.0, 7.85e-10
2017-03-02 00:10:30, 0.0, 1.46e-09
2017-03-02 00:10:32, 0.0, 1.43e-09
2017-03-02 00:10:34, 0.0, 1.16e-09
2017-03-02 00:10:36, 0.0, 1.5e-09
2017-03-02 00:10:39, 0.0, 1.67e-09
2017-03-02 00:10:41, 0.0, 1.46e-09
2017-03-02 00:10:43, 0.0, 9.26e-10
2017-03-02 00:10:45, 0.0, 1.5e-09
2017-03-02 00:10:47, 0.0, 1.19e-09
2017-03-02 00:10:49, 0.0, 1.33e-09
2017-03-02 00:10:51, 0.0, 6.23e-10
2017-03-02 00:10:53, 0.0, 6.67e-10
2017-03-02 00:10:55, 0.0, 5.58e-10
2017-03-02 00:10:58, 0.0, 6.54e-10
2017-03-02 00:11:00, 0.0, 1.17e-09
2017-03-02 00:11:02, 0.0, 1.41e-09
2017-03-02 00:11:04, 0.0, 7.64e-10
2017-03-02 00:11:06, 0.0, 6.21e-10
2017-03-02 00:11:08, 0.0, 8.84e-10
2017-03-02 00:11:10, 0.0, 1.1e-09
2017-03-02 00:11:12, 0.0, 1.04e-09
2017-03-02 00:11:15, 0.0, 1.39e-09
2017-03-02 00:11:17, 0.0, 1.34e-09
2017-03-02 00:11:19, 0.0, 9.22e-10
2017-03-02 00:11:21, 0.0, 1.06e-09
2017-03-02 00:11:23, 0.0, 1.24e-09
2017-03-02 00:11:25, 0.0, 1.26e-09
2017-03-02 00:11:27, 0.0, 9.15e-10
2017-03-02 00:11:29, 0.0, 1.03e-09
2017-03-02 00:11:31, 0.0, 1.2e-09
2017-03-02 00:11:34, 0.0, 1.09e-09
2017-03-02 00:11:36, 0.0, 7.38e-10
2017-03-02 00:11:38, 0.0, 1.11e-09
2017-03-02 00:11:40, 0.0, 8.43e-10
2017-03-02 00:11:42, 0.0, 5.35e-10
2017-03-02 00:11:44, 0.0, 8.2e-10
2017-03-02 00:11:46, 0.0, 1.36e-09
2017-03-02 00:11:48, 0.0, 1.35e-09
2017-03-02 00:11:50, 0.0, 7.58e-10
2017-03-02 00:11:53, 0.0, 1.45e-09
2017-03-02 00:11:55, 0.0, 6.71e-10
2017-03-02 00:11:57, 0.0, 1.23e-09
2017-03-02 00:11:59, 0.0, 1.5e-09
2017-03-02 00:12:01, 0.0, 1.58e-09
2017-03-02 00:12:03, 0.0, 6.69e-10
2017-03-02 00:12:05, 0.0, 1.2e-09
2017-03-02 00:12:07, 0.0, 1.36e-09
2017-03-02 00:12:09, 0.0, 1.44e-09
2017-03-02 00:12:12, 0.0, 1.42e-09
2017-03-02 00:12:14, 0.0, 1.27e-09
2017-03-02 00:12:16, 0.0, 1.39e-09
2017-03-02 00:12:18, 0.0, 1.32e-09
2017-03-02 00:12:20, 0.0, 1.27e-09
2017-03-02 00:12:22, 0.0, 1.37e-09
2017-03-02 00:12:24, 0.0, 1.53e-09
2017-03-02 00:12:26, 0.0, 1.47e-09
2017-03-02 00:12:28, 0.0, 9.54e-10
2017-03-02 00:12:31, 0.0, 1.12e-09
2017-03-02 00:12:33, 0.0, 7.13e-10
2017-03-02 00:12:35, 0.0, 1.25e-09
2017-03-02 00:12:37, 0.0, 9.77e-10
2017-03-02 00:12:39, 0.0, 1e-09
2017-03-02 00:12:41, 0.0, 7.67e-10
2017-03-02 00:12:43, 0.0, 8.56e-10
2017-03-02 00:12:45, 0.0, 1.5e-09
2017-03-02 00:12:47, 0.0, 6.72e-10
2017-03-02 00:12:50, 0.0, 7.46e-10
2017-03-02 00:12:52, 0.0, 1.32e-09
2017-03-02 00:12:54, 0.0, 9.13e-10
2017-03-02 00:12:56, 0.0, 9.53e-10
2017-03-02 00:12:58, 0.0, 1.05e-09
2017-03-02 00:13:00, 0.0, 5.44e-10
2017-03-02 00:13:02, 0.0, 5.51e-10
2017-03-02 00:13:04, 0.0, 1.21e-09
2017-03-02 00:13:07, 0.0, 5.65e-10
2017-03-02 00:13:09, 0.0, 9.36e-10
2017-03-02 00:13:11, 0.0, 6.31e-10
2017-03-02 00:13:13, 0.0, 4.98e-10
2017-03-02 00:13:15, 0.0, 6.58e-10
2017-03-02 00:13:17, 0.0, 1.21e-09
2017-03-02 00:13:19, 0.0, 1.32e-09
2017-03-02 00:13:21, 0.0, 1.59e-09
2017-03-02 00:13:23, 0.0, 1.09e-09
2017-03-02 00:13:26, 0.0, 1.4e-09
2017-03-02 00:13:28, 0.0, 1.05e-09
2017-03-02 00:13:30, 0.0, 1.05e-09
2017-03-02 00:13:32, 0.0, 1.24e-09
2017-03-02 00:13:34, 0.0, 1.27e-09
2017-03-02 00:13:36, 0.0, 1.32e-09
2017-03-02 00:13:38, 0.0, 1.16e-09
2017-03-02 00:13:40, 0.0, 5.98e-10
2017-03-02 00:13:42, 0.0, 6.66e-10
2017-03-02 00:13:45, 0.0, 8.87e-10
2017-03-02 00:13:47, 0.0, 9.37e-10
2017-03-02 00:13:49, 0.0, 5.86e-10
2017-03-02 00:13:51, 0.0, 5.71e-10
2017-03-02 00:13:53, 0.0, 1.1e-09
2017-03-02 00:13:55, 0.0, 9.87e-10
2017-03-02 00:13:57, 0.0, 1.5e-09
2017-03-02 00:13:59, 0.0, 6.22e-10
2017-03-02 00:14:01, 0.0, 1.6e-09
2017-03-02 00:14:04, 0.0, 1.19e-09
2017-03-02 00:14:06, 0.0, 1.28e-09
2017-03-02 00:14:08, 0.0, 5.98e-10
2017-03-02 00:14:10, 0.0, 1.43e-09
2017-03-02 00:14:12, 0.0, 6.13e-10
2017-03-02 00:14:14, 0.0, 1.11e-09
2017-03-02 00:14:16, 0.0, 1.1e-09
2017-03-02 00:14:18, 0.0, 1.21e-09
2017-03-02 00:14:20, 0.0, 1.28e-09
2017-03-02 00:14:23, 0.0, 6.42e-10
2017-03-02 00:14:25, 0.0, 5.56e-10
2017-03-02 00:14:27, 0.0, 1.18e-09
2017-03-02 00:14:29, 0.0, 1.33e-09
2017-03-02 00:14:31, 0.0, 1.32e-09
2017-03-02 00:14:33, 0.0, 1.24e-09
2017-03-02 00:14:35, 0.0, 9.87e-10
2017-03-02 00:14:37, 0.0, 6.2e-10
2017-03-02 00:14:39, 0.0, 6.01e-10
2017-03-02 00:14:42, 0.0, 5.17e-10
2017-03-02 00:14:44, 0.0, 1.12e-09
2017-03-02 00:14:46, 0.0, 1.23e-09
2017-03-02 00:14:48, 0.0, 7.2e-10
2017-03-02 00:14:50, 0.0, 6.58e-10
2017-03-02 00:14:52, 0.0, 5.88e-10
2017-03-02 00:14:54, 0.0, 5.24e-10
2017-03-02 00:14:56, 0.0, 5.81e-10
2017-03-02 00:14:58, 0.0, 6.34e-10
2017-03-02 00:15:01, 0.0, 6.64e-10
2017-03-02 00:15:03, 0.0, 6.43e-10
2017-03-02 00:15:05, 0.0, 1.46e-09
2017-03-02 00:15:07, 0.0, 6.73e-10
2017-03-02 00:15:09, 0.0, 6.27e-10
2017-03-02 00:15:11, 0.0, 1.1e-09
2017-03-02 00:15:13, 0.0, 9.9e-10
2017-03-02 00:15:15, 0.0, 1.31e-09
2017-03-02 00:15:17, 0.0, 1.43e-09
2017-03-02 00:15:20, 0.0, 1.33e-09
2017-03-02 00:15:22, 0.0, 8.52e-10
2017-03-02 00:15:24, 0.0, 8.89e-10
2017-03-02 00:15:26, 0.0, 5.54e-10
2017-03-02 00:15:28, 0.0, 1.34e-09
2017-03-02 00:15:30, 0.0, 1.36e-09
2017-03-02 00:15:32, 0.0, 8e-10
2017-03-02 00:15:34, 0.0, 1.35e-09
2017-03-02 00:15:36, 0.0, 1.36e-09
2017-03-02 00:15:39, 0.0, 5.8e-10
2017-03-02 00:15:41, 0.0, 5.13e-10
2017-03-02 00:15:43, 0.0, 5.99e-10
2017-03-02 00:15:45, 0.0, 8.25e-10
2017-03-02 00:15:47, 0.0, 8.91e-10
2017-03-02 00:15:49, 0.0, 1.24e-09
2017-03-02 00:15:51, 0.0, 5.57e-10
2017-03-02 00:15:53, 0.0, 1.22e-09
2017-03-02 00:15:55, 0.0, 1.36e-09
2017-03-02 00:15:58, 0.0, 6.23e-10
2017-03-02 00:16:00, 0.0, 9.12e-10
2017-03-02 00:16:02, 0.0, 8.96e-10
2017-03-02 00:16:04, 0.0, 1.53e-09
2017-03-02 00:16:06, 0.0, 8.29e-10
2017-03-02 00:16:08, 0.0, 5.07e-10
2017-03-02 00:16:10, 0.0, 6.75e-10
2017-03-02 00:16:12, 0.0, 4.96e-10
2017-03-02 00:16:14, 0.0, 5.98e-10
2017-03-02 00:16:17, 0.0, 1.37e-09
2017-03-02 00:16:19, 0.0, 1.52e-09
2017-03-02 00:16:21, 0.0, 1.18e-09
2017-03-02 00:16:23, 0.0, 9.17e-10
2017-03-02 00:16:25, 0.0, 4.79e-10
2017-03-02 00:16:27, 0.0, 4.86e-10
2017-03-02 00:16:29, 0.0, 6.32e-10
2017-03-02 00:16:31, 0.0, 1.3e-09
2017-03-02 00:16:33, 0.0, 8.18e-10
2017-03-02 00:16:36, 0.0, 1.38e-09
2017-03-02 00:16:38, 0.0, 1.24e-09
2017-03-02 00:16:43, 0.0, 6.55e-10
2017-03-02 00:16:45, 0.0, 6.04e-10
2017-03-02 00:16:47, 0.0, 5.85e-10
2017-03-02 00:16:49, 0.0, 1.38e-09
2017-03-02 00:16:51, 0.0, 1.42e-09
2017-03-02 00:16:53, 0.0, 9.59e-10
2017-03-02 00:16:55, 0.0, 1.12e-09
2017-03-02 00:16:57, 0.0, 6.83e-10
2017-03-02 00:17:00, 0.0, 1.52e-09
2017-03-02 00:17:02, 0.0, 6.07e-10
2017-03-02 00:17:04, 0.0, 6.73e-10
2017-03-02 00:17:06, 0.0, 6.3e-10
2017-03-02 00:17:08, 0.0, 6.77e-10
2017-03-02 00:17:10, 0.0, 6.62e-10
2017-03-02 00:17:12, 0.0, 5.96e-10
2017-03-02 00:17:14, 0.0, 6.58e-10
2017-03-02 00:17:16, 0.0, 1.07e-09
2017-03-02 00:17:19, 0.0, 1.24e-09
2017-03-02 00:17:21, 0.0, 1.34e-09
2017-03-02 00:17:23, 0.0, 1.14e-09
2017-03-02 00:17:25, 0.0, 5.93e-10
2017-03-02 00:17:27, 0.0, 5.43e-10
2017-03-02 00:17:29, 0.0, 1.37e-09
2017-03-02 00:17:31, 0.0, 1.26e-09
2017-03-02 00:17:33, 0.0, 1.4e-09
2017-03-02 00:17:35, 0.0, 6.08e-10
2017-03-02 00:17:38, 0.0, 1e-09
2017-03-02 00:17:40, 0.0, 1.23e-09
2017-03-02 00:17:42, 0.0, 1.3e-09
2017-03-02 00:17:44, 0.0, 1.12e-09
2017-03-02 00:17:46, 0.0, 6.1e-10
2017-03-02 00:17:48, 0.0, 1.27e-09
2017-03-02 00:17:50, 0.0, 1.16e-09
2017-03-02 00:17:52, 0.0, 1.27e-09
2017-03-02 00:17:55, 0.0, 1.35e-09
2017-03-02 00:17:57, 0.0, 1.42e-09
2017-03-02 00:17:59, 0.0, 1.4e-09
2017-03-02 00:18:01, 0.0, 1.28e-09
2017-03-02 00:18:03, 0.0, 1.19e-09
2017-03-02 00:18:05, 0.0, 1.46e-09
2017-03-02 00:18:07, 0.0, 5.65e-10
2017-03-02 00:18:09, 0.0, 5.53e-10
2017-03-02 00:18:11, 0.0, 6.7e-10
2017-03-02 00:18:14, 0.0, 6.5e-10
2017-03-02 00:18:16, 0.0, 6.28e-10
2017-03-02 00:18:18, 0.0, 6.23e-10
2017-03-02 00:18:20, 0.0, 1.61e-09
2017-03-02 00:18:22, 0.0, 1.42e-09
2017-03-02 00:18:24, 0.0, 9.82e-10
2017-03-02 00:18:26, 0.0, 1.33e-09
2017-03-02 00:18:28, 0.0, 1.07e-09
2017-03-02 00:18:30, 0.0, 1.03e-09
2017-03-02 00:18:33, 0.0, 1.21e-09
2017-03-02 00:18:35, 0.0, 1.37e-09
2017-03-02 00:18:37, 0.0, 1.44e-09
2017-03-02 00:18:39, 0.0, 8.12e-10
2017-03-02 00:18:41, 0.0, 6.48e-10
2017-03-02 00:18:43, 0.0, 1.2e-09
2017-03-02 00:18:45, 0.0, 9.64e-10
2017-03-02 00:18:47, 0.0, 1.24e-09
2017-03-02 00:18:49, 0.0, 6.8e-10
2017-03-02 00:18:52, 0.0, 5.17e-10
2017-03-02 00:18:54, 0.0, 1.59e-09
2017-03-02 00:18:56, 0.0, 5.99e-10
2017-03-02 00:18:58, 0.0, 1.17e-09
2017-03-02 00:19:00, 0.0, 6.79e-10
2017-03-02 00:19:02, 0.0, 5.66e-10
2017-03-02 00:19:04, 0.0, 9.08e-10
2017-03-02 00:19:06, 0.0, 1.56e-09
2017-03-02 00:19:08, 0.0, 6.01e-10
2017-03-02 00:19:11, 0.0, 1.14e-09
2017-03-02 00:19:13, 0.0, 9.31e-10
2017-03-02 00:19:15, 0.0, 6.54e-10
2017-03-02 00:19:17, 0.0, 6.7e-10
2017-03-02 00:19:19, 0.0, 6.22e-10
2017-03-02 00:19:21, 0.0, 1.19e-09
2017-03-02 00:19:23, 0.0, 1.19e-09
2017-03-02 00:19:25, 0.0, 1.12e-09
2017-03-02 00:19:27, 0.0, 6.52e-10
2017-03-02 00:19:30, 0.0, 5.93e-10
2017-03-02 00:19:32, 0.0, 1.01e-09
2017-03-02 00:19:34, 0.0, 8.25e-10
2017-03-02 00:19:36, 0.0, 5.14e-10
2017-03-02 00:19:38, 0.0, 8.25e-10
2017-03-02 00:19:40, 0.0, 1.27e-09
2017-03-02 00:19:42, 0.0, 1.42e-09
2017-03-02 00:19:44, 0.0, 1.53e-09
2017-03-02 00:19:47, 0.0, 1.41e-09
2017-03-02 00:19:49, 0.0, 1.26e-09
2017-03-02 00:19:51, 0.0, 1.32e-09
2017-03-02 00:19:53, 0.0, 6.63e-10
2017-03-02 00:19:55, 0.0, 6.34e-10
2017-03-02 00:19:57, 0.0, 6.21e-10
2017-03-02 00:19:59, 0.0, 5.94e-10
2017-03-02 00:20:01, 0.0, 6.26e-10
2017-03-02 00:20:03, 0.0, 6.11e-10
2017-03-02 00:20:06, 0.0, 9.51e-10
2017-03-02 00:20:08, 0.0, 1.12e-09
2017-03-02 00:20:10, 0.0, 5.89e-10
2017-03-02 00:20:12, 0.0, 6.15e-10
2017-03-02 00:20:14, 0.0, 5.7e-10
2017-03-02 00:20:16, 0.0, 6.18e-10
2017-03-02 00:20:18, 0.0, 4.92e-10
2017-03-02 00:20:20, 0.0, 6.24e-10
2017-03-02 00:20:22, 0.0, 1.43e-09
2017-03-02 00:20:25, 0.0, 1.45e-09
2017-03-02 00:20:27, 0.0, 1.13e-09
2017-03-02 00:20:29, 0.0, 5.05e-10
2017-03-02 00:20:31, 0.0, 4.92e-10
2017-03-02 00:20:33, 0.0, 5.13e-10
2017-03-02 00:20:35, 0.0, 5.28e-10
2017-03-02 00:20:37, 0.0, 6.61e-10
2017-03-02 00:20:39, 0.0, 5.07e-10
2017-03-02 00:20:41, 0.0, 9.13e-10
2017-03-02 00:20:44, 0.0, 9.77e-10
2017-03-02 00:20:46, 0.0, 6.9e-10
2017-03-02 00:20:48, 0.0, 4.96e-10
2017-03-02 00:20:50, 0.0, 5.09e-10
2017-03-02 00:20:52, 0.0, 4.86e-10
2017-03-02 00:20:54, 0.0, 1.12e-09
2017-03-02 00:20:56, 0.0, 1.2e-09
2017-03-02 00:20:58, 0.0, 7.96e-10
2017-03-02 00:21:00, 0.0, 6.22e-10
2017-03-02 00:21:03, 0.0, 5.54e-10
2017-03-02 00:21:05, 0.0, 1.49e-09
2017-03-02 00:21:07, 0.0, 5.22e-10
2017-03-02 00:21:09, 0.0, 1.22e-09
2017-03-02 00:21:11, 0.0, 1.17e-09
2017-03-02 00:21:13, 0.0, 9.32e-10
2017-03-02 00:21:15, 0.0, 9.8e-10
2017-03-02 00:21:17, 0.0, 5.2e-10
2017-03-02 00:21:20, 0.0, 5.96e-10
2017-03-02 00:21:22, 0.0, 6.56e-10
2017-03-02 00:21:24, 0.0, 1.09e-09
2017-03-02 00:21:26, 0.0, 1.09e-09
2017-03-02 00:21:28, 0.0, 1.08e-09
2017-03-02 00:21:30, 0.0, 1.41e-09
2017-03-02 00:21:32, 0.0, 1.01e-09
2017-03-02 00:21:34, 0.0, 1.28e-09
2017-03-02 00:21:36, 0.0, 1.44e-09
2017-03-02 00:21:39, 0.0, 8.81e-10
2017-03-02 00:21:41, 0.0, 6.72e-10
2017-03-02 00:21:43, 0.0, 6.21e-10
2017-03-02 00:21:45, 0.0, 1.31e-09
2017-03-02 00:21:47, 0.0, 1.36e-09
2017-03-02 00:21:49, 0.0, 1.33e-09
2017-03-02 00:21:51, 0.0, 1.23e-09
2017-03-02 00:21:53, 0.0, 1.22e-09
2017-03-02 00:21:55, 0.0, 1.57e-09
2017-03-02 00:21:58, 0.0, 1.17e-09
2017-03-02 00:22:00, 0.0, 6.28e-10
2017-03-02 00:22:02, 0.0, 1.19e-09
2017-03-02 00:22:04, 0.0, 6e-10
2017-03-02 00:22:06, 0.0, 5.73e-10
2017-03-02 00:22:08, 0.0, 4.83e-10
2017-03-02 00:22:10, 0.0, 5.19e-10
2017-03-02 00:22:12, 0.0, 1.56e-09
2017-03-02 00:22:14, 0.0, 6.81e-10
2017-03-02 00:22:17, 0.0, 6.2e-10
2017-03-02 00:22:19, 0.0, 1.27e-09
2017-03-02 00:22:21, 0.0, 1.47e-09
2017-03-02 00:22:23, 0.0, 1.58e-09
2017-03-02 00:22:25, 0.0, 1.42e-09
2017-03-02 00:22:27, 0.0, 1.3e-09
2017-03-02 00:22:29, 0.0, 1.21e-09
2017-03-02 00:22:31, 0.0, 8.11e-10
2017-03-02 00:22:33, 0.0, 1.09e-09
2017-03-02 00:22:36, 0.0, 1.22e-09
2017-03-02 00:22:38, 0.0, 5.64e-10
2017-03-02 00:22:40, 0.0, 4.94e-10
2017-03-02 00:22:42, 0.0, 6.12e-10
2017-03-02 00:22:44, 0.0, 9.57e-10
2017-03-02 00:22:46, 0.0, 1.09e-09
2017-03-02 00:22:48, 0.0, 1.11e-09
2017-03-02 00:22:50, 0.0, 1.4e-09
2017-03-02 00:22:52, 0.0, 1.19e-09
2017-03-02 00:22:55, 0.0, 1.27e-09
2017-03-02 00:22:57, 0.0, 1.54e-09
2017-03-02 00:22:59, 0.0, 1.52e-09
2017-03-02 00:23:01, 0.0, 1.05e-09
2017-03-02 00:23:03, 0.0, 1.37e-09
2017-03-02 00:23:05, 0.0, 1.35e-09
2017-03-02 00:23:07, 0.0, 1.41e-09
2017-03-02 00:23:09, 0.0, 7.23e-10
2017-03-02 00:23:12, 0.0, 6.17e-10
2017-03-02 00:23:14, 0.0, 1.47e-09
2017-03-02 00:23:16, 0.0, 8.62e-10
2017-03-02 00:23:18, 0.0, 6.7e-10
2017-03-02 00:23:20, 0.0, 9.16e-10
2017-03-02 00:23:22, 0.0, 1.39e-09
2017-03-02 00:23:24, 0.0, 1.23e-09
2017-03-02 00:23:26, 0.0, 1.21e-09
2017-03-02 00:23:28, 0.0, 1.05e-09
2017-03-02 00:23:31, 0.0, 7.61e-10
2017-03-02 00:23:33, 0.0, 8.37e-10
2017-03-02 00:23:35, 0.0, 1.34e-09
2017-03-02 00:23:37, 0.0, 7.23e-10
2017-03-02 00:23:39, 0.0, 1.34e-09
2017-03-02 00:23:41, 0.0, 1.55e-09
2017-03-02 00:23:43, 0.0, 1.1e-09
2017-03-02 00:23:45, 0.0, 1.15e-09
2017-03-02 00:23:47, 0.0, 5.29e-10
2017-03-02 00:23:50, 0.0, 5.8e-10
2017-03-02 00:23:52, 0.0, 1.26e-09
2017-03-02 00:23:54, 0.0, 1.61e-09
2017-03-02 00:23:56, 0.0, 1.54e-09
2017-03-02 00:23:58, 0.0, 1.17e-09
2017-03-02 00:24:00, 0.0, 1.39e-09
2017-03-02 00:24:02, 0.0, 1.27e-09
2017-03-02 00:24:04, 0.0, 1.09e-09
2017-03-02 00:24:06, 0.0, 1.4e-09
2017-03-02 00:24:09, 0.0, 5.72e-10
2017-03-02 00:24:11, 0.0, 1.43e-09
2017-03-02 00:24:13, 0.0, 1.12e-09
2017-03-02 00:24:15, 0.0, 1.14e-09
2017-03-02 00:24:17, 0.0, 9.81e-10
2017-03-02 00:24:19, 0.0, 5.98e-10
2017-03-02 00:24:21, 0.0, 6.67e-10
2017-03-02 00:24:23, 0.0, 9.79e-10
2017-03-02 00:24:25, 0.0, 6.28e-10
2017-03-02 00:24:28, 0.0, 1.33e-09
2017-03-02 00:24:30, 0.0, 1.55e-09
2017-03-02 00:24:32, 0.0, 1.14e-09
2017-03-02 00:24:34, 0.0, 1.12e-09
2017-03-02 00:24:36, 0.0, 1.32e-09
2017-03-02 00:24:38, 0.0, 6.19e-10
2017-03-02 00:24:40, 0.0, 1.13e-09
2017-03-02 00:24:42, 0.0, 1.1e-09
2017-03-02 00:24:45, 0.0, 1.49e-09
2017-03-02 00:24:47, 0.0, 1.45e-09
2017-03-02 00:24:49, 0.0, 8.62e-10
2017-03-02 00:24:51, 0.0, 6.74e-10
2017-03-02 00:24:53, 0.0, 1.23e-09
2017-03-02 00:24:55, 0.0, 1.2e-09
2017-03-02 00:24:57, 0.0, 1.46e-09
2017-03-02 00:24:59, 0.0, 9.55e-10
2017-03-02 00:25:01, 0.0, 1.36e-09
2017-03-02 00:25:04, 0.0, 9.58e-10
2017-03-02 00:25:06, 0.0, 5.9e-10
2017-03-02 00:25:08, 0.0, 1.44e-09
2017-03-02 00:25:10, 0.0, 9.88e-10
2017-03-02 00:25:12, 0.0, 1.14e-09
2017-03-02 00:25:14, 0.0, 5.31e-10
2017-03-02 00:25:16, 0.0, 1.14e-09
2017-03-02 00:25:18, 0.0, 6.73e-10
2017-03-02 00:25:20, 0.0, 6.78e-10
2017-03-02 00:25:23, 0.0, 9.08e-10
2017-03-02 00:25:25, 0.0, 1.07e-09
2017-03-02 00:25:27, 0.0, 1.22e-09
2017-03-02 00:25:29, 0.0, 1.13e-09
2017-03-02 00:25:31, 0.0, 1.49e-09
2017-03-02 00:25:33, 0.0, 6.21e-10
2017-03-02 00:25:35, 0.0, 9.54e-10
2017-03-02 00:25:37, 0.0, 1.29e-09
2017-03-02 00:25:39, 0.0, 6.5e-10
2017-03-02 00:25:42, 0.0, 6.43e-10
2017-03-02 00:25:44, 0.0, 1.25e-09
2017-03-02 00:25:46, 0.0, 1.67e-09
2017-03-02 00:25:48, 0.0, 1.29e-09
2017-03-02 00:25:50, 0.0, 1.27e-09
2017-03-02 00:25:52, 0.0, 5.66e-10
2017-03-02 00:25:54, 0.0, 6.97e-10
2017-03-02 00:25:56, 0.0, 5.54e-10
2017-03-02 00:25:58, 0.0, 6.86e-10
2017-03-02 00:26:01, 0.0, 1.56e-09
2017-03-02 00:26:03, 0.0, 1.53e-09
2017-03-02 00:26:05, 0.0, 1.49e-09
2017-03-02 00:26:07, 0.0, 1.18e-09
2017-03-02 00:26:09, 0.0, 1.02e-09
2017-03-02 00:26:11, 0.0, 8.41e-10
2017-03-02 00:26:13, 0.0, 5.63e-10
2017-03-02 00:26:15, 0.0, 6.24e-10
2017-03-02 00:26:17, 0.0, 1.3e-09
2017-03-02 00:26:20, 0.0, 5.53e-10
2017-03-02 00:26:22, 0.0, 6.93e-10
2017-03-02 00:26:24, 0.0, 1.08e-09
2017-03-02 00:26:26, 0.0, 8.23e-10
2017-03-02 00:26:28, 0.0, 1.2e-09
2017-03-02 00:26:30, 0.0, 1.35e-09
2017-03-02 00:26:32, 0.0, 6.44e-10
2017-03-02 00:26:34, 0.0, 5.6e-10
2017-03-02 00:26:36, 0.0, 6.82e-10
2017-03-02 00:26:39, 0.0, 6.29e-10
2017-03-02 00:26:41, 0.0, 1.38e-09
2017-03-02 00:26:43, 0.0, 1.34e-09
2017-03-02 00:26:45, 0.0, 1.33e-09
2017-03-02 00:26:47, 0.0, 1.26e-09
2017-03-02 00:26:49, 0.0, 9.52e-10
2017-03-02 00:26:51, 0.0, 8.41e-10
2017-03-02 00:26:53, 0.0, 5.48e-10
2017-03-02 00:26:55, 0.0, 6.56e-10
2017-03-02 00:26:58, 0.0, 5.76e-10
2017-03-02 00:27:00, 0.0, 9.67e-10
2017-03-02 00:27:02, 0.0, 1.02e-09
2017-03-02 00:27:04, 0.0, 1.41e-09
2017-03-02 00:27:06, 0.0, 1.53e-09
2017-03-02 00:27:08, 0.0, 1.4e-09
2017-03-02 00:27:10, 0.0, 1.38e-09
2017-03-02 00:27:12, 0.0, 1.18e-09
2017-03-02 00:27:15, 0.0, 1.65e-09
2017-03-02 00:27:17, 0.0, 7.12e-10
2017-03-02 00:27:19, 0.0, 8.9e-10
2017-03-02 00:27:21, 0.0, 1.2e-09
2017-03-02 00:27:23, 0.0, 1.15e-09
2017-03-02 00:27:25, 0.0, 1.35e-09
2017-03-02 00:27:27, 0.0, 1.52e-09
2017-03-02 00:27:29, 0.0, 1.22e-09
2017-03-02 00:27:31, 0.0, 1.39e-09
2017-03-02 00:27:34, 0.0, 8.86e-10
2017-03-02 00:27:36, 0.0, 1.3e-09
2017-03-02 00:27:38, 0.0, 6.2e-10
2017-03-02 00:27:40, 0.0, 5.32e-10
2017-03-02 00:27:42, 0.0, 1.3e-09
2017-03-02 00:27:44, 0.0, 5.53e-10
2017-03-02 00:27:46, 0.0, 6.79e-10
2017-03-02 00:27:48, 0.0, 6.68e-10
2017-03-02 00:27:50, 0.0, 1.02e-09
2017-03-02 00:27:53, 0.0, 1.36e-09
2017-03-02 00:27:55, 0.0, 1.48e-09
2017-03-02 00:27:57, 0.0, 6.03e-10
2017-03-02 00:27:59, 0.0, 1.11e-09
2017-03-02 00:28:01, 0.0, 5.88e-10
2017-03-02 00:28:03, 0.0, 1.31e-09
2017-03-02 00:28:05, 0.0, 1.24e-09
2017-03-02 00:28:07, 0.0, 8.93e-10
2017-03-02 00:28:09, 0.0, 1.47e-09
2017-03-02 00:28:12, 0.0, 7.55e-10
2017-03-02 00:28:14, 0.0, 9.96e-10
2017-03-02 00:28:16, 0.0, 1.24e-09
2017-03-02 00:28:18, 0.0, 1.42e-09
2017-03-02 00:28:20, 0.0, 1.48e-09
2017-03-02 00:28:22, 0.0, 1.47e-09
2017-03-02 00:28:24, 0.0, 6.17e-10
2017-03-02 00:28:26, 0.0, 6.12e-10
2017-03-02 00:28:28, 0.0, 1.05e-09
2017-03-02 00:28:31, 0.0, 1.15e-09
2017-03-02 00:28:33, 0.0, 1.66e-09
2017-03-02 00:28:35, 0.0, 8.8e-10
2017-03-02 00:28:37, 0.0, 1.42e-09
2017-03-02 00:28:39, 0.0, 1.59e-09
2017-03-02 00:28:41, 0.0, 1.3e-09
2017-03-02 00:28:43, 0.0, 1.38e-09
2017-03-02 00:28:45, 0.0, 1.29e-09
2017-03-02 00:28:47, 0.0, 1.48e-09
2017-03-02 00:28:50, 0.0, 1.15e-09
2017-03-02 00:28:52, 0.0, 1.28e-09
2017-03-02 00:28:54, 0.0, 1.32e-09
2017-03-02 00:28:56, 0.0, 7.36e-10
2017-03-02 00:28:58, 0.0, 5.83e-10
2017-03-02 00:29:00, 0.0, 5.69e-10
2017-03-02 00:29:02, 0.0, 6.84e-10
2017-03-02 00:29:04, 0.0, 6.37e-10
2017-03-02 00:29:06, 0.0, 1.18e-09
2017-03-02 00:29:09, 0.0, 5.9e-10
2017-03-02 00:29:11, 0.0, 6.72e-10
2017-03-02 00:29:13, 0.0, 1.44e-09
2017-03-02 00:29:15, 0.0, 1.1e-09
2017-03-02 00:29:17, 0.0, 1.21e-09
2017-03-02 00:29:19, 0.0, 1.33e-09
2017-03-02 00:29:21, 0.0, 1.17e-09
2017-03-02 00:29:23, 0.0, 1.62e-09
2017-03-02 00:29:25, 0.0, 1.32e-09
2017-03-02 00:29:28, 0.0, 9.97e-10
2017-03-02 00:29:30, 0.0, 1.15e-09
2017-03-02 00:29:32, 0.0, 1.38e-09
2017-03-02 00:29:34, 0.0, 1.28e-09
2017-03-02 00:29:36, 0.0, 1.38e-09
2017-03-02 00:29:38, 0.0, 1.22e-09
2017-03-02 00:29:40, 0.0, 6.83e-10
2017-03-02 00:29:42, 0.0, 1.67e-09
2017-03-02 00:29:44, 0.0, 1.24e-09
2017-03-02 00:29:47, 0.0, 9.86e-10
2017-03-02 00:29:49, 0.0, 1.37e-09
2017-03-02 00:29:51, 0.0, 1.39e-09
2017-03-02 00:29:53, 0.0, 1.4e-09
2017-03-02 00:29:55, 0.0, 7.83e-10
2017-03-02 00:29:57, 0.0, 1.06e-09
2017-03-02 00:29:59, 0.0, 1.32e-09
2017-03-02 00:30:01, 0.0, 1.2e-09
2017-03-02 00:30:03, 0.0, 1.12e-09
2017-03-02 00:30:06, 0.0, 1.4e-09
2017-03-02 00:30:08, 0.0, 8.49e-10
2017-03-02 00:30:10, 0.0, 6.82e-10
2017-03-02 00:30:12, 0.0, 1.03e-09
2017-03-02 00:30:14, 0.0, 5.52e-10
2017-03-02 00:30:16, 0.0, 6.37e-10
2017-03-02 00:30:18, 0.0, 6.79e-10
2017-03-02 00:30:20, 0.0, 1.54e-09
2017-03-02 00:30:22, 0.0, 1.02e-09
2017-03-02 00:30:25, 0.0, 1.21e-09
2017-03-02 00:30:27, 0.0, 1.13e-09
2017-03-02 00:30:29, 0.0, 1.08e-09
2017-03-02 00:30:31, 0.0, 6.44e-10
2017-03-02 00:30:33, 0.0, 6.35e-10
2017-03-02 00:30:35, 0.0, 1.1e-09
2017-03-02 00:30:37, 0.0, 6.53e-10
2017-03-02 00:30:39, 0.0, 5.25e-10
2017-03-02 00:30:41, 0.0, 6.01e-10
2017-03-02 00:30:44, 0.0, 5.27e-10
2017-03-02 00:30:46, 0.0, 6.62e-10
2017-03-02 00:30:48, 0.0, 1.28e-09
2017-03-02 00:30:50, 0.0, 6.46e-10
2017-03-02 00:30:52, 0.0, 6.81e-10
2017-03-02 00:30:54, 0.0, 7.49e-10
2017-03-02 00:30:56, 0.0, 1.18e-09
2017-03-02 00:30:58, 0.0, 1.51e-09
2017-03-02 00:31:01, 0.0, 1.2e-09
2017-03-02 00:31:03, 0.0, 6.87e-10
2017-03-02 00:31:05, 0.0, 6.82e-10
2017-03-02 00:31:07, 0.0, 6.31e-10
2017-03-02 00:31:09, 0.0, 6.52e-10
2017-03-02 00:31:11, 0.0, 1.34e-09
2017-03-02 00:31:13, 0.0, 6.56e-10
2017-03-02 00:31:15, 0.0, 6.78e-10
2017-03-02 00:31:17, 0.0, 8.01e-10
2017-03-02 00:31:19, 0.0, 1.38e-09
2017-03-02 00:31:22, 0.0, 1.14e-09
2017-03-02 00:31:24, 0.0, 6.78e-10
2017-03-02 00:31:26, 0.0, 1.31e-09
2017-03-02 00:31:28, 0.0, 1.28e-09
2017-03-02 00:31:30, 0.0, 9.16e-10
2017-03-02 00:31:32, 0.0, 9.63e-10
2017-03-02 00:31:34, 0.0, 1.31e-09
2017-03-02 00:31:36, 0.0, 7.04e-10
2017-03-02 00:31:39, 0.0, 1.1e-09
2017-03-02 00:31:41, 0.0, 1.21e-09
2017-03-02 00:31:43, 0.0, 1.2e-09
2017-03-02 00:31:45, 0.0, 1.3e-09
2017-03-02 00:31:47, 0.0, 1.09e-09
2017-03-02 00:31:49, 0.0, 1.18e-09
2017-03-02 00:31:51, 0.0, 5.32e-10
2017-03-02 00:31:53, 0.0, 1.26e-09
2017-03-02 00:31:55, 0.0, 5.66e-10
2017-03-02 00:31:58, 0.0, 6.05e-10
2017-03-02 00:32:00, 0.0, 1.47e-09
2017-03-02 00:32:02, 0.0, 1.09e-09
2017-03-02 00:32:04, 0.0, 1.1e-09
2017-03-02 00:32:06, 0.0, 1.44e-09
2017-03-02 00:32:08, 0.0, 8.75e-10
2017-03-02 00:32:10, 0.0, 1.25e-09
2017-03-02 00:32:12, 0.0, 5.41e-10
2017-03-02 00:32:14, 0.0, 1.04e-09
2017-03-02 00:32:17, 0.0, 1.07e-09
2017-03-02 00:32:19, 0.0, 1.52e-09
2017-03-02 00:32:21, 0.0, 9.27e-10
2017-03-02 00:32:23, 0.0, 1.37e-09
2017-03-02 00:32:25, 0.0, 9.68e-10
2017-03-02 00:32:27, 0.0, 9.63e-10
2017-03-02 00:32:29, 0.0, 1.04e-09
2017-03-02 00:32:31, 0.0, 1.51e-09
2017-03-02 00:32:33, 0.0, 1.47e-09
2017-03-02 00:32:36, 0.0, 1.41e-09
2017-03-02 00:32:38, 0.0, 1.46e-09
2017-03-02 00:32:40, 0.0, 1.37e-09
2017-03-02 00:32:42, 0.0, 1.32e-09
2017-03-02 00:32:44, 0.0, 1.29e-09
2017-03-02 00:32:46, 0.0, 1.53e-09
2017-03-02 00:32:48, 0.0, 1.38e-09
2017-03-02 00:32:50, 0.0, 1.17e-09
2017-03-02 00:32:52, 0.0, 1.24e-09
2017-03-02 00:32:55, 0.0, 6.4e-10
2017-03-02 00:32:57, 0.0, 5.87e-10
2017-03-02 00:32:59, 0.0, 6.97e-10
2017-03-02 00:33:01, 0.0, 6.51e-10
2017-03-02 00:33:03, 0.0, 6.59e-10
2017-03-02 00:33:05, 0.0, 1.29e-09
2017-03-02 00:33:07, 0.0, 8.33e-10
2017-03-02 00:33:09, 0.0, 1.12e-09
2017-03-02 00:33:11, 0.0, 1.17e-09
2017-03-02 00:33:14, 0.0, 1.21e-09
2017-03-02 00:33:16, 0.0, 1.17e-09
2017-03-02 00:33:18, 0.0, 6.16e-10
2017-03-02 00:33:20, 0.0, 5.88e-10
2017-03-02 00:33:22, 0.0, 5.43e-10
2017-03-02 00:33:24, 0.0, 6.01e-10
2017-03-02 00:33:26, 0.0, 1.34e-09
2017-03-02 00:33:28, 0.0, 6.38e-10
2017-03-02 00:33:30, 0.0, 6.9e-10
2017-03-02 00:33:33, 0.0, 5.44e-10
2017-03-02 00:33:35, 0.0, 6.93e-10
2017-03-02 00:33:37, 0.0, 1.05e-09
2017-03-02 00:33:39, 0.0, 1.25e-09
2017-03-02 00:33:41, 0.0, 1.1e-09
2017-03-02 00:33:43, 0.0, 1.24e-09
2017-03-02 00:33:45, 0.0, 1.52e-09
2017-03-02 00:33:47, 0.0, 7.18e-10
2017-03-02 00:33:50, 0.0, 6.57e-10
2017-03-02 00:33:52, 0.0, 6.69e-10
2017-03-02 00:33:54, 0.0, 6.98e-10
2017-03-02 00:33:56, 0.0, 1.28e-09
2017-03-02 00:33:58, 0.0, 9.84e-10
2017-03-02 00:34:00, 0.0, 1.23e-09
2017-03-02 00:34:02, 0.0, 5.78e-10
2017-03-02 00:34:04, 0.0, 6.4e-10
2017-03-02 00:34:06, 0.0, 7.95e-10
2017-03-02 00:34:09, 0.0, 8.47e-10
2017-03-02 00:34:11, 0.0, 1.03e-09
2017-03-02 00:34:13, 0.0, 1.05e-09
2017-03-02 00:34:15, 0.0, 1.18e-09
2017-03-02 00:34:17, 0.0, 1.3e-09
2017-03-02 00:34:19, 0.0, 1.09e-09
2017-03-02 00:34:21, 0.0, 1.44e-09
2017-03-02 00:34:23, 0.0, 7.02e-10
2017-03-02 00:34:25, 0.0, 6e-10
2017-03-02 00:34:28, 0.0, 1.32e-09
2017-03-02 00:34:30, 0.0, 1.29e-09
2017-03-02 00:34:32, 0.0, 1.2e-09
2017-03-02 00:34:34, 0.0, 1.46e-09
2017-03-02 00:34:36, 0.0, 5.97e-10
2017-03-02 00:34:38, 0.0, 6.32e-10
2017-03-02 00:34:40, 0.0, 5.95e-10
2017-03-02 00:34:42, 0.0, 6.42e-10
2017-03-02 00:34:44, 0.0, 6.69e-10
2017-03-02 00:34:46, 0.0, 1.25e-09
2017-03-02 00:34:49, 0.0, 6.48e-10
2017-03-02 00:34:51, 0.0, 6.41e-10
2017-03-02 00:34:53, 0.0, 1.02e-09
2017-03-02 00:34:55, 0.0, 1.25e-09
2017-03-02 00:34:57, 0.0, 1.04e-09
2017-03-02 00:34:59, 0.0, 5.29e-10
2017-03-02 00:35:01, 0.0, 5.37e-10
2017-03-02 00:35:03, 0.0, 9.06e-10
2017-03-02 00:35:06, 0.0, 8.26e-10
2017-03-02 00:35:08, 0.0, 1.12e-09
2017-03-02 00:35:10, 0.0, 1.65e-09
2017-03-02 00:35:12, 0.0, 1.06e-09
2017-03-02 00:35:14, 0.0, 1.04e-09
2017-03-02 00:35:16, 0.0, 5.72e-10
2017-03-02 00:35:18, 0.0, 4.94e-10
2017-03-02 00:35:20, 0.0, 6.51e-10
2017-03-02 00:35:22, 0.0, 6.38e-10
2017-03-02 00:35:25, 0.0, 1.04e-09
2017-03-02 00:35:27, 0.0, 1.18e-09
2017-03-02 00:35:29, 0.0, 1.42e-09
2017-03-02 00:35:31, 0.0, 6.16e-10
2017-03-02 00:35:33, 0.0, 6.6e-10
2017-03-02 00:35:35, 0.0, 6.32e-10
2017-03-02 00:35:37, 0.0, 6.44e-10
2017-03-02 00:35:39, 0.0, 6.53e-10
2017-03-02 00:35:41, 0.0, 6.16e-10
2017-03-02 00:35:44, 0.0, 6.2e-10
2017-03-02 00:35:46, 0.0, 6.55e-10
2017-03-02 00:35:48, 0.0, 5.79e-10
2017-03-02 00:35:50, 0.0, 1.52e-09
2017-03-02 00:35:52, 0.0, 1.37e-09
2017-03-02 00:35:54, 0.0, 9.79e-10
2017-03-02 00:35:56, 0.0, 1.21e-09
2017-03-02 00:35:58, 0.0, 7.43e-10
2017-03-02 00:36:00, 0.0, 6.76e-10
2017-03-02 00:36:03, 0.0, 1.45e-09
2017-03-02 00:36:05, 0.0, 1.67e-09
2017-03-02 00:36:07, 0.0, 1.26e-09
2017-03-02 00:36:09, 0.0, 1.39e-09
2017-03-02 00:36:11, 0.0, 1.07e-09
2017-03-02 00:36:13, 0.0, 1.45e-09
2017-03-02 00:36:15, 0.0, 1.61e-09
2017-03-02 00:36:17, 0.0, 1.43e-09
2017-03-02 00:36:19, 0.0, 1.05e-09
2017-03-02 00:36:22, 0.0, 1.26e-09
2017-03-02 00:36:24, 0.0, 5.23e-10
2017-03-02 00:36:26, 0.0, 1.51e-09
2017-03-02 00:36:28, 0.0, 1.07e-09
2017-03-02 00:36:30, 0.0, 1.33e-09
2017-03-02 00:36:32, 0.0, 9.87e-10
2017-03-02 00:36:34, 0.0, 1.18e-09
2017-03-02 00:36:36, 0.0, 1.1e-09
2017-03-02 00:36:38, 0.0, 8.16e-10
2017-03-02 00:36:41, 0.0, 1.42e-09
2017-03-02 00:36:43, 0.0, 1.22e-09
2017-03-02 00:36:45, 0.0, 1.23e-09
2017-03-02 00:36:47, 0.0, 1.17e-09
2017-03-02 00:36:49, 0.0, 5.44e-10
2017-03-02 00:36:51, 0.0, 5.02e-10
2017-03-02 00:36:53, 0.0, 5.3e-10
2017-03-02 00:36:55, 0.0, 1.69e-09
2017-03-02 00:36:57, 0.0, 1.14e-09
2017-03-02 00:37:00, 0.0, 6.29e-10
2017-03-02 00:37:02, 0.0, 7.15e-10
2017-03-02 00:37:04, 0.0, 6.92e-10
2017-03-02 00:37:06, 0.0, 1.35e-09
2017-03-02 00:37:08, 0.0, 7.15e-10
2017-03-02 00:37:10, 0.0, 6.75e-10
2017-03-02 00:37:12, 0.0, 6.18e-10
2017-03-02 00:37:14, 0.0, 1.52e-09
2017-03-02 00:37:16, 0.0, 5.3e-10
2017-03-02 00:37:19, 0.0, 1.48e-09
2017-03-02 00:37:21, 0.0, 9.26e-10
2017-03-02 00:37:23, 0.0, 5.92e-10
2017-03-02 00:37:25, 0.0, 5.75e-10
2017-03-02 00:37:27, 0.0, 6.21e-10
2017-03-02 00:37:29, 0.0, 6.6e-10
2017-03-02 00:37:31, 0.0, 1.25e-09
2017-03-02 00:37:33, 0.0, 1.35e-09
2017-03-02 00:37:35, 0.0, 1.37e-09
2017-03-02 00:37:38, 0.0, 1.35e-09
2017-03-02 00:37:40, 0.0, 1.4e-09
2017-03-02 00:37:42, 0.0, 1.07e-09
2017-03-02 00:37:44, 0.0, 6.36e-10
2017-03-02 00:37:46, 0.0, 5.58e-10
2017-03-02 00:37:48, 0.0, 5.98e-10
2017-03-02 00:37:50, 0.0, 1.46e-09
2017-03-02 00:37:52, 0.0, 1.4e-09
2017-03-02 00:37:54, 0.0, 1.28e-09
2017-03-02 00:37:57, 0.0, 1.36e-09
2017-03-02 00:37:59, 0.0, 1.18e-09
2017-03-02 00:38:01, 0.0, 1.39e-09
2017-03-02 00:38:03, 0.0, 1.33e-09
2017-03-02 00:38:05, 0.0, 1.3e-09
2017-03-02 00:38:07, 0.0, 1.3e-09
2017-03-02 00:38:09, 0.0, 1.37e-09
2017-03-02 00:38:11, 0.0, 9.23e-10
2017-03-02 00:38:14, 0.0, 5.08e-10
2017-03-02 00:38:16, 0.0, 5.92e-10
2017-03-02 00:38:18, 0.0, 6.17e-10
2017-03-02 00:38:20, 0.0, 1.12e-09
2017-03-02 00:38:22, 0.0, 6.28e-10
2017-03-02 00:38:24, 0.0, 6.33e-10
2017-03-02 00:38:26, 0.0, 1.26e-09
2017-03-02 00:38:28, 0.0, 5.18e-10
2017-03-02 00:38:30, 0.0, 5.08e-10
2017-03-02 00:38:33, 0.0, 5.24e-10
2017-03-02 00:38:35, 0.0, 6.78e-10
2017-03-02 00:38:37, 0.0, 1.45e-09
2017-03-02 00:38:39, 0.0, 1.37e-09
2017-03-02 00:38:41, 0.0, 1.09e-09
2017-03-02 00:38:43, 0.0, 1.39e-09
2017-03-02 00:38:45, 0.0, 1.5e-09
2017-03-02 00:38:47, 0.0, 1.63e-09
2017-03-02 00:38:49, 0.0, 1.25e-09
2017-03-02 00:38:52, 0.0, 1.51e-09
2017-03-02 00:38:54, 0.0, 1.18e-09
2017-03-02 00:38:56, 0.0, 1.53e-09
2017-03-02 00:38:58, 0.0, 1.25e-09
2017-03-02 00:39:00, 0.0, 7.79e-10
2017-03-02 00:39:02, 0.0, 6.54e-10
2017-03-02 00:39:04, 0.0, 6.59e-10
2017-03-02 00:39:06, 0.0, 7.26e-10
2017-03-02 00:39:08, 0.0, 6.46e-10
2017-03-02 00:39:11, 0.0, 6.49e-10
2017-03-02 00:39:13, 0.0, 8.96e-10
2017-03-02 00:39:15, 0.0, 1.25e-09
2017-03-02 00:39:17, 0.0, 1.19e-09
2017-03-02 00:39:19, 0.0, 6.58e-10
2017-03-02 00:39:21, 0.0, 8.52e-10
2017-03-02 00:39:23, 0.0, 7.35e-10
2017-03-02 00:39:25, 0.0, 8.95e-10
2017-03-02 00:39:27, 0.0, 6.12e-10
2017-03-02 00:39:30, 0.0, 6.8e-10
2017-03-02 00:39:32, 0.0, 4.79e-10
2017-03-02 00:39:34, 0.0, 6.19e-10
2017-03-02 00:39:36, 0.0, 1.31e-09
2017-03-02 00:39:38, 0.0, 1.2e-09
2017-03-02 00:39:40, 0.0, 6.12e-10
2017-03-02 00:39:42, 0.0, 6.47e-10
2017-03-02 00:39:44, 0.0, 1.42e-09
2017-03-02 00:39:46, 0.0, 8.7e-10
2017-03-02 00:39:49, 0.0, 1.45e-09
2017-03-02 00:39:51, 0.0, 9.11e-10
2017-03-02 00:39:53, 0.0, 5.08e-10
2017-03-02 00:39:55, 0.0, 5.1e-10
2017-03-02 00:39:57, 0.0, 9.18e-10
2017-03-02 00:39:59, 0.0, 1.16e-09
2017-03-02 00:40:01, 0.0, 6.83e-10
2017-03-02 00:40:03, 0.0, 6.94e-10
2017-03-02 00:40:06, 0.0, 6.59e-10
2017-03-02 00:40:08, 0.0, 6.75e-10
2017-03-02 00:40:10, 0.0, 5.6e-10
2017-03-02 00:40:12, 0.0, 5.37e-10
2017-03-02 00:40:14, 0.0, 6.92e-10
2017-03-02 00:40:16, 0.0, 5.97e-10
2017-03-02 00:40:18, 0.0, 5.42e-10
2017-03-02 00:40:20, 0.0, 5.47e-10
2017-03-02 00:40:22, 0.0, 5.85e-10
2017-03-02 00:40:25, 0.0, 5.8e-10
2017-03-02 00:40:27, 0.0, 6.84e-10
2017-03-02 00:40:29, 0.0, 6.24e-10
2017-03-02 00:40:31, 0.0, 1.44e-09
2017-03-02 00:40:33, 0.0, 1.46e-09
2017-03-02 00:40:35, 0.0, 6.48e-10
2017-03-02 00:40:37, 0.0, 5.86e-10
2017-03-02 00:40:39, 0.0, 6.97e-10
2017-03-02 00:40:41, 0.0, 6.85e-10
2017-03-02 00:40:44, 0.0, 5.85e-10
2017-03-02 00:40:46, 0.0, 5.33e-10
2017-03-02 00:40:48, 0.0, 1.15e-09
2017-03-02 00:40:50, 0.0, 1.13e-09
2017-03-02 00:40:52, 0.0, 5.04e-10
2017-03-02 00:40:54, 0.0, 8.31e-10
2017-03-02 00:40:56, 0.0, 1.46e-09
2017-03-02 00:40:58, 0.0, 5.39e-10
2017-03-02 00:41:00, 0.0, 5.61e-10
2017-03-02 00:41:03, 0.0, 6.96e-10
2017-03-02 00:41:05, 0.0, 1.51e-09
2017-03-02 00:41:07, 0.0, 5.48e-10
2017-03-02 00:41:09, 0.0, 8.04e-10
2017-03-02 00:41:11, 0.0, 8.52e-10
2017-03-02 00:41:13, 0.0, 6.18e-10
2017-03-02 00:41:15, 0.0, 4.99e-10
2017-03-02 00:41:17, 0.0, 5.01e-10
2017-03-02 00:41:19, 0.0, 6.53e-10
2017-03-02 00:41:22, 0.0, 1.57e-09
2017-03-02 00:41:24, 0.0, 9.68e-10
2017-03-02 00:41:26, 0.0, 5.25e-10
2017-03-02 00:41:28, 0.0, 6.87e-10
2017-03-02 00:41:30, 0.0, 1.51e-09
2017-03-02 00:41:32, 0.0, 1.13e-09
2017-03-02 00:41:34, 0.0, 6.37e-10
2017-03-02 00:41:36, 0.0, 6.92e-10
2017-03-02 00:41:38, 0.0, 7.86e-10
2017-03-02 00:41:41, 0.0, 5.06e-10
2017-03-02 00:41:43, 0.0, 5.57e-10
2017-03-02 00:41:45, 0.0, 7.77e-10
2017-03-02 00:41:47, 0.0, 7.88e-10
2017-03-02 00:41:49, 0.0, 1.66e-09
2017-03-02 00:41:51, 0.0, 7.87e-10
2017-03-02 00:41:53, 0.0, 6.52e-10
2017-03-02 00:41:55, 0.0, 6.99e-10
2017-03-02 00:41:57, 0.0, 5.11e-10
2017-03-02 00:42:00, 0.0, 6.65e-10
2017-03-02 00:42:02, 0.0, 1.18e-09
2017-03-02 00:42:04, 0.0, 1.16e-09
2017-03-02 00:42:06, 0.0, 1.32e-09
2017-03-02 00:42:08, 0.0, 1.44e-09
2017-03-02 00:42:10, 0.0, 7.7e-10
2017-03-02 00:42:12, 0.0, 7.21e-10
2017-03-02 00:42:14, 0.0, 5.97e-10
2017-03-02 00:42:16, 0.0, 6.07e-10
2017-03-02 00:42:19, 0.0, 1.48e-09
2017-03-02 00:42:21, 0.0, 1.13e-09
2017-03-02 00:42:23, 0.0, 1.31e-09
2017-03-02 00:42:25, 0.0, 1.14e-09
2017-03-02 00:42:27, 0.0, 5.66e-10
2017-03-02 00:42:29, 0.0, 1.22e-09
2017-03-02 00:42:31, 0.0, 8.84e-10
2017-03-02 00:42:33, 0.0, 1.46e-09
2017-03-02 00:42:35, 0.0, 1.13e-09
2017-03-02 00:42:38, 0.0, 1.35e-09
2017-03-02 00:42:40, 0.0, 8.57e-10
2017-03-02 00:42:42, 0.0, 6.83e-10
2017-03-02 00:42:44, 0.0, 6.2e-10
2017-03-02 00:42:46, 0.0, 6.23e-10
2017-03-02 00:42:48, 0.0, 6.02e-10
2017-03-02 00:42:50, 0.0, 5.69e-10
2017-03-02 00:42:52, 0.0, 9.03e-10
2017-03-02 00:42:55, 0.0, 9.34e-10
2017-03-02 00:42:57, 0.0, 9.78e-10
2017-03-02 00:42:59, 0.0, 1.37e-09
2017-03-02 00:43:01, 0.0, 5.24e-10
2017-03-02 00:43:03, 0.0, 6.71e-10
2017-03-02 00:43:05, 0.0, 6.83e-10
2017-03-02 00:43:07, 0.0, 1.14e-09
2017-03-02 00:43:09, 0.0, 1.26e-09
2017-03-02 00:43:11, 0.0, 4.93e-10
2017-03-02 00:43:14, 0.0, 5.89e-10
2017-03-02 00:43:16, 0.0, 1.41e-09
2017-03-02 00:43:18, 0.0, 1.33e-09
2017-03-02 00:43:20, 0.0, 6.19e-10
2017-03-02 00:43:22, 0.0, 1.04e-09
2017-03-02 00:43:24, 0.0, 9.93e-10
2017-03-02 00:43:26, 0.0, 9.98e-10
2017-03-02 00:43:28, 0.0, 1.21e-09
2017-03-02 00:43:30, 0.0, 6.14e-10
2017-03-02 00:43:33, 0.0, 6.79e-10
2017-03-02 00:43:35, 0.0, 6.73e-10
2017-03-02 00:43:37, 0.0, 6.18e-10
2017-03-02 00:43:39, 0.0, 7.06e-10
2017-03-02 00:43:41, 0.0, 6.33e-10
2017-03-02 00:43:43, 0.0, 5.23e-10
2017-03-02 00:43:45, 0.0, 5.68e-10
2017-03-02 00:43:47, 0.0, 6.91e-10
2017-03-02 00:43:49, 0.0, 6.22e-10
2017-03-02 00:43:52, 0.0, 1.2e-09
2017-03-02 00:43:54, 0.0, 1.51e-09
2017-03-02 00:43:56, 0.0, 9.98e-10
2017-03-02 00:43:58, 0.0, 6.86e-10
2017-03-02 00:44:00, 0.0, 8e-10
2017-03-02 00:44:02, 0.0, 1.35e-09
2017-03-02 00:44:04, 0.0, 1.38e-09
2017-03-02 00:44:06, 0.0, 1.54e-09
2017-03-02 00:44:08, 0.0, 8.06e-10
2017-03-02 00:44:11, 0.0, 6.55e-10
2017-03-02 00:44:13, 0.0, 9.11e-10
2017-03-02 00:44:15, 0.0, 9.57e-10
2017-03-02 00:44:17, 0.0, 1.21e-09
2017-03-02 00:44:19, 0.0, 1.42e-09
2017-03-02 00:44:21, 0.0, 1.27e-09
2017-03-02 00:44:23, 0.0, 1.25e-09
2017-03-02 00:44:25, 0.0, 1.23e-09
2017-03-02 00:44:28, 0.0, 1.3e-09
2017-03-02 00:44:30, 0.0, 1.6e-09
2017-03-02 00:44:32, 0.0, 1.37e-09
2017-03-02 00:44:34, 0.0, 1.21e-09
2017-03-02 00:44:36, 0.0, 5.68e-10
2017-03-02 00:44:38, 0.0, 5.72e-10
2017-03-02 00:44:40, 0.0, 5.18e-10
2017-03-02 00:44:42, 0.0, 1.36e-09
2017-03-02 00:44:44, 0.0, 1.45e-09
2017-03-02 00:44:47, 0.0, 9.53e-10
2017-03-02 00:44:49, 0.0, 1.35e-09
2017-03-02 00:44:51, 0.0, 1.16e-09
2017-03-02 00:44:53, 0.0, 6.83e-10
2017-03-02 00:44:55, 0.0, 5.02e-10
2017-03-02 00:44:57, 0.0, 7.08e-10
2017-03-02 00:44:59, 0.0, 1.21e-09
2017-03-02 00:45:01, 0.0, 6.66e-10
2017-03-02 00:45:03, 0.0, 5.78e-10
2017-03-02 00:45:06, 0.0, 6.75e-10
2017-03-02 00:45:08, 0.0, 1.64e-09
2017-03-02 00:45:10, 0.0, 1.39e-09
2017-03-02 00:45:12, 0.0, 1.25e-09
2017-03-02 00:45:14, 0.0, 1.13e-09
2017-03-02 00:45:16, 0.0, 1.62e-09
2017-03-02 00:45:18, 0.0, 1.23e-09
2017-03-02 00:45:20, 0.0, 1.17e-09
2017-03-02 00:45:22, 0.0, 5.95e-10
2017-03-02 00:45:25, 0.0, 6.95e-10
2017-03-02 00:45:27, 0.0, 1.3e-09
2017-03-02 00:45:29, 0.0, 1.04e-09
2017-03-02 00:45:31, 0.0, 1.59e-09
2017-03-02 00:45:33, 0.0, 1.12e-09
2017-03-02 00:45:35, 0.0, 1.43e-09
2017-03-02 00:45:37, 0.0, 5.54e-10
2017-03-02 00:45:39, 0.0, 6.47e-10
2017-03-02 00:45:41, 0.0, 1.25e-09
2017-03-02 00:45:44, 0.0, 5.86e-10
2017-03-02 00:45:46, 0.0, 1.32e-09
2017-03-02 00:45:48, 0.0, 6.16e-10
2017-03-02 00:45:50, 0.0, 5.15e-10
2017-03-02 00:45:52, 0.0, 1.42e-09
2017-03-02 00:45:54, 0.0, 6.53e-10
2017-03-02 00:45:56, 0.0, 5.12e-10
2017-03-02 00:45:58, 0.0, 5.19e-10
2017-03-02 00:46:00, 0.0, 1.14e-09
2017-03-02 00:46:03, 0.0, 6.12e-10
2017-03-02 00:46:05, 0.0, 6.4e-10
2017-03-02 00:46:07, 0.0, 6.95e-10
2017-03-02 00:46:09, 0.0, 6.12e-10
2017-03-02 00:46:11, 0.0, 6.42e-10
2017-03-02 00:46:13, 0.0, 5.24e-10
2017-03-02 00:46:15, 0.0, 5.93e-10
2017-03-02 00:46:17, 0.0, 1.12e-09
2017-03-02 00:46:19, 0.0, 5.97e-10
2017-03-02 00:46:22, 0.0, 5.27e-10
2017-03-02 00:46:24, 0.0, 6.6e-10
2017-03-02 00:46:26, 0.0, 8.17e-10
2017-03-02 00:46:28, 0.0, 1.16e-09
2017-03-02 00:46:30, 0.0, 5.47e-10
2017-03-02 00:46:32, 0.0, 6.42e-10
2017-03-02 00:46:34, 0.0, 5.12e-10
2017-03-02 00:46:36, 0.0, 1.27e-09
2017-03-02 00:46:38, 0.0, 5.68e-10
2017-03-02 00:46:41, 0.0, 5.5e-10
2017-03-02 00:46:43, 0.0, 9.13e-10
2017-03-02 00:46:45, 0.0, 6.47e-10
2017-03-02 00:46:47, 0.0, 6.63e-10
2017-03-02 00:46:49, 0.0, 6.54e-10
2017-03-02 00:46:51, 0.0, 6.61e-10
2017-03-02 00:46:53, 0.0, 1.36e-09
2017-03-02 00:46:55, 0.0, 1.42e-09
2017-03-02 00:46:57, 0.0, 1.77e-09
2017-03-02 00:47:00, 0.0, 1.48e-09
2017-03-02 00:47:02, 0.0, 1.27e-09
2017-03-02 00:47:04, 0.0, 1.12e-09
2017-03-02 00:47:06, 0.0, 1.72e-09
2017-03-02 00:47:08, 0.0, 1.43e-09
2017-03-02 00:47:10, 0.0, 1.42e-09
2017-03-02 00:47:12, 0.0, 1.19e-09
2017-03-02 00:47:14, 0.0, 1.21e-09
2017-03-02 00:47:16, 0.0, 6.35e-10
2017-03-02 00:47:19, 0.0, 1.49e-09
2017-03-02 00:47:21, 0.0, 1.23e-09
2017-03-02 00:47:23, 0.0, 1.1e-09
2017-03-02 00:47:25, 0.0, 6.61e-10
2017-03-02 00:47:27, 0.0, 6.44e-10
2017-03-02 00:47:29, 0.0, 6.52e-10
2017-03-02 00:47:31, 0.0, 5.65e-10
2017-03-02 00:47:36, 0.0, 6.8e-10
2017-03-02 00:47:38, 0.0, 5.47e-10
2017-03-02 00:47:40, 0.0, 6.4e-10
2017-03-02 00:47:43, 0.0, 6.69e-10
2017-03-02 00:47:45, 0.0, 1.44e-09
2017-03-02 00:47:47, 0.0, 6.75e-10
2017-03-02 00:47:49, 0.0, 6.29e-10
2017-03-02 00:47:51, 0.0, 5.13e-10
2017-03-02 00:47:53, 0.0, 5.16e-10
2017-03-02 00:47:55, 0.0, 6.15e-10
2017-03-02 00:47:57, 0.0, 5.96e-10
2017-03-02 00:47:59, 0.0, 6.05e-10
2017-03-02 00:48:02, 0.0, 5.82e-10
2017-03-02 00:48:04, 0.0, 5.16e-10
2017-03-02 00:48:06, 0.0, 5.83e-10
2017-03-02 00:48:08, 0.0, 9.42e-10
2017-03-02 00:48:10, 0.0, 5.2e-10
2017-03-02 00:48:12, 0.0, 5.55e-10
2017-03-02 00:48:14, 0.0, 9.73e-10
2017-03-02 00:48:16, 0.0, 1.22e-09
2017-03-02 00:48:18, 0.0, 1.65e-09
2017-03-02 00:48:21, 0.0, 1.25e-09
2017-03-02 00:48:23, 0.0, 1.32e-09
2017-03-02 00:48:25, 0.0, 1.29e-09
2017-03-02 00:48:27, 0.0, 1.61e-09
2017-03-02 00:48:29, 0.0, 1.07e-09
2017-03-02 00:48:31, 0.0, 1.81e-09
2017-03-02 00:48:33, 0.0, 1.6e-09
2017-03-02 00:48:35, 0.0, 1.52e-09
2017-03-02 00:48:37, 0.0, 1.05e-09
2017-03-02 00:48:40, 0.0, 5.53e-10
2017-03-02 00:48:42, 0.0, 6.42e-10
2017-03-02 00:48:44, 0.0, 6.16e-10
2017-03-02 00:48:46, 0.0, 6.32e-10
2017-03-02 00:48:48, 0.0, 5.62e-10
2017-03-02 00:48:50, 0.0, 6.85e-10
2017-03-02 00:48:52, 0.0, 1.36e-09
2017-03-02 00:48:54, 0.0, 1.37e-09
2017-03-02 00:48:56, 0.0, 8.87e-10
2017-03-02 00:48:59, 0.0, 5.88e-10
2017-03-02 00:49:01, 0.0, 5.72e-10
2017-03-02 00:49:03, 0.0, 6.15e-10
2017-03-02 00:49:05, 0.0, 6.9e-10
2017-03-02 00:49:07, 0.0, 1.08e-09
2017-03-02 00:49:09, 0.0, 6.14e-10
2017-03-02 00:49:11, 0.0, 1.34e-09
2017-03-02 00:49:13, 0.0, 1.56e-09
2017-03-02 00:49:15, 0.0, 1.29e-09
2017-03-02 00:49:18, 0.0, 1.16e-09
2017-03-02 00:49:20, 0.0, 1.4e-09
2017-03-02 00:49:22, 0.0, 1.7e-09
2017-03-02 00:49:24, 0.0, 1.34e-09
2017-03-02 00:49:26, 0.0, 1.34e-09
2017-03-02 00:49:28, 0.0, 1.36e-09
2017-03-02 00:49:30, 0.0, 1.41e-09
2017-03-02 00:49:32, 0.0, 1.26e-09
2017-03-02 00:49:34, 0.0, 1.18e-09
2017-03-02 00:49:37, 0.0, 1.06e-09
2017-03-02 00:49:39, 0.0, 1.53e-09
2017-03-02 00:49:41, 0.0, 1.61e-09
2017-03-02 00:49:43, 0.0, 1.35e-09
2017-03-02 00:49:45, 0.0, 1.18e-09
2017-03-02 00:49:47, 0.0, 1.45e-09
2017-03-02 00:49:49, 0.0, 1.31e-09
2017-03-02 00:49:51, 0.0, 1.2e-09
2017-03-02 00:49:54, 0.0, 1.34e-09
2017-03-02 00:49:56, 0.0, 1.63e-09
2017-03-02 00:49:58, 0.0, 1.4e-09
2017-03-02 00:50:00, 0.0, 1.22e-09
2017-03-02 00:50:02, 0.0, 1.24e-09
2017-03-02 00:50:04, 0.0, 6.76e-10
2017-03-02 00:50:06, 0.0, 6.48e-10
2017-03-02 00:50:08, 0.0, 9.85e-10
2017-03-02 00:50:10, 0.0, 1.25e-09
2017-03-02 00:50:13, 0.0, 7.55e-10
2017-03-02 00:50:15, 0.0, 5.95e-10
2017-03-02 00:50:17, 0.0, 1.57e-09
2017-03-02 00:50:19, 0.0, 1.5e-09
2017-03-02 00:50:21, 0.0, 1.28e-09
2017-03-02 00:50:23, 0.0, 1.22e-09
2017-03-02 00:50:25, 0.0, 6.01e-10
2017-03-02 00:50:27, 0.0, 5.93e-10
2017-03-02 00:50:29, 0.0, 6.59e-10
2017-03-02 00:50:32, 0.0, 1.3e-09
2017-03-02 00:50:34, 0.0, 1.1e-09
2017-03-02 00:50:36, 0.0, 1.56e-09
2017-03-02 00:50:38, 0.0, 1.58e-09
2017-03-02 00:50:40, 0.0, 1.19e-09
2017-03-02 00:50:42, 0.0, 1.19e-09
2017-03-02 00:50:44, 0.0, 1.67e-09
2017-03-02 00:50:46, 0.0, 6.72e-10
2017-03-02 00:50:48, 0.0, 6.1e-10
2017-03-02 00:50:51, 0.0, 5.4e-10
2017-03-02 00:50:53, 0.0, 6.97e-10
2017-03-02 00:50:55, 0.0, 7.12e-10
2017-03-02 00:50:57, 0.0, 6.1e-10
2017-03-02 00:50:59, 0.0, 4.99e-10
2017-03-02 00:51:01, 0.0, 5.84e-10
2017-03-02 00:51:03, 0.0, 6.3e-10
2017-03-02 00:51:05, 0.0, 5.92e-10
2017-03-02 00:51:07, 0.0, 5.78e-10
2017-03-02 00:51:10, 0.0, 1.03e-09
2017-03-02 00:51:12, 0.0, 5.9e-10
2017-03-02 00:51:14, 0.0, 6.27e-10
2017-03-02 00:51:16, 0.0, 7.63e-10
2017-03-02 00:51:18, 0.0, 7.46e-10
2017-03-02 00:51:20, 0.0, 7.17e-10
2017-03-02 00:51:22, 0.0, 5.85e-10
2017-03-02 00:51:24, 0.0, 1.45e-09
2017-03-02 00:51:26, 0.0, 6.16e-10
2017-03-02 00:51:29, 0.0, 5.23e-10
2017-03-02 00:51:31, 0.0, 5.27e-10
2017-03-02 00:51:33, 0.0, 1.22e-09
2017-03-02 00:51:35, 0.0, 1.01e-09
2017-03-02 00:51:37, 0.0, 8.78e-10
2017-03-02 00:51:39, 0.0, 1.11e-09
2017-03-02 00:51:41, 0.0, 6.26e-10
2017-03-02 00:51:43, 0.0, 9.96e-10
2017-03-02 00:51:45, 0.0, 6.76e-10
2017-03-02 00:51:48, 0.0, 6.66e-10
2017-03-02 00:51:50, 0.0, 5.47e-10
2017-03-02 00:51:52, 0.0, 5.21e-10
2017-03-02 00:51:54, 0.0, 5.24e-10
2017-03-02 00:51:56, 0.0, 1.12e-09
2017-03-02 00:51:58, 0.0, 5.32e-10
2017-03-02 00:52:00, 0.0, 6.45e-10
2017-03-02 00:52:02, 0.0, 1.36e-09
2017-03-02 00:52:04, 0.0, 6.26e-10
2017-03-02 00:52:07, 0.0, 1.18e-09
2017-03-02 00:52:09, 0.0, 5.79e-10
2017-03-02 00:52:11, 0.0, 1.38e-09
2017-03-02 00:52:13, 0.0, 9.91e-10
2017-03-02 00:52:15, 0.0, 1.07e-09
2017-03-02 00:52:17, 0.0, 1.33e-09
2017-03-02 00:52:19, 0.0, 6.37e-10
2017-03-02 00:52:21, 0.0, 6.42e-10
2017-03-02 00:52:24, 0.0, 5.7e-10
2017-03-02 00:52:26, 0.0, 5.21e-10
2017-03-02 00:52:28, 0.0, 6.28e-10
2017-03-02 00:52:30, 0.0, 6.04e-10
2017-03-02 00:52:32, 0.0, 9.51e-10
2017-03-02 00:52:34, 0.0, 8.28e-10
2017-03-02 00:52:36, 0.0, 1.46e-09
2017-03-02 00:52:38, 0.0, 5.66e-10
2017-03-02 00:52:40, 0.0, 5.71e-10
2017-03-02 00:52:43, 0.0, 6.04e-10
2017-03-02 00:52:45, 0.0, 6.41e-10
2017-03-02 00:52:47, 0.0, 6.19e-10
2017-03-02 00:52:49, 0.0, 6.35e-10
2017-03-02 00:52:51, 0.0, 6.58e-10
2017-03-02 00:52:53, 0.0, 1.1e-09
2017-03-02 00:52:55, 0.0, 1.11e-09
2017-03-02 00:52:57, 0.0, 1.31e-09
2017-03-02 00:52:59, 0.0, 1.57e-09
2017-03-02 00:53:02, 0.0, 1.52e-09
2017-03-02 00:53:04, 0.0, 1.5e-09
2017-03-02 00:53:06, 0.0, 1.08e-09
2017-03-02 00:53:08, 0.0, 1.25e-09
2017-03-02 00:53:10, 0.0, 1.56e-09
2017-03-02 00:53:12, 0.0, 1.25e-09
2017-03-02 00:53:14, 0.0, 1.47e-09
2017-03-02 00:53:16, 0.0, 7.37e-10
2017-03-02 00:53:18, 0.0, 7.44e-10
2017-03-02 00:53:21, 0.0, 6.73e-10
2017-03-02 00:53:23, 0.0, 1.64e-09
2017-03-02 00:53:25, 0.0, 1.19e-09
2017-03-02 00:53:27, 0.0, 7.76e-10
2017-03-02 00:53:29, 0.0, 6.32e-10
2017-03-02 00:53:31, 0.0, 4.95e-10
2017-03-02 00:53:33, 0.0, 5.5e-10
2017-03-02 00:53:35, 0.0, 9.19e-10
2017-03-02 00:53:37, 0.0, 1.08e-09
2017-03-02 00:53:40, 0.0, 1.48e-09
2017-03-02 00:53:42, 0.0, 7.11e-10
2017-03-02 00:53:44, 0.0, 7.1e-10
2017-03-02 00:53:46, 0.0, 6.51e-10
2017-03-02 00:53:48, 0.0, 1.12e-09
2017-03-02 00:53:50, 0.0, 8.33e-10
2017-03-02 00:53:52, 0.0, 5.34e-10
2017-03-02 00:53:54, 0.0, 5.97e-10
2017-03-02 00:53:56, 0.0, 6.3e-10
2017-03-02 00:53:59, 0.0, 5.27e-10
2017-03-02 00:54:01, 0.0, 6.72e-10
2017-03-02 00:54:03, 0.0, 1.03e-09
2017-03-02 00:54:05, 0.0, 5.46e-10
2017-03-02 00:54:07, 0.0, 5.14e-10
2017-03-02 00:54:09, 0.0, 5.55e-10
2017-03-02 00:54:11, 0.0, 6.13e-10
2017-03-02 00:54:13, 0.0, 6.32e-10
2017-03-02 00:54:16, 0.0, 6.02e-10
2017-03-02 00:54:18, 0.0, 5.97e-10
2017-03-02 00:54:20, 0.0, 6.15e-10
2017-03-02 00:54:22, 0.0, 6.61e-10
2017-03-02 00:54:24, 0.0, 5.64e-10
2017-03-02 00:54:26, 0.0, 6.36e-10
2017-03-02 00:54:28, 0.0, 5.86e-10
2017-03-02 00:54:30, 0.0, 5.49e-10
2017-03-02 00:54:32, 0.0, 5.21e-10
2017-03-02 00:54:35, 0.0, 7.01e-10
2017-03-02 00:54:37, 0.0, 7.08e-10
2017-03-02 00:54:39, 0.0, 9.45e-10
2017-03-02 00:54:41, 0.0, 8.27e-10
2017-03-02 00:54:43, 0.0, 5.24e-10
2017-03-02 00:54:45, 0.0, 6.69e-10
2017-03-02 00:54:47, 0.0, 6.62e-10
2017-03-02 00:54:49, 0.0, 4.88e-10
2017-03-02 00:54:51, 0.0, 4.9e-10
2017-03-02 00:54:54, 0.0, 6.88e-10
2017-03-02 00:54:56, 0.0, 9.54e-10
2017-03-02 00:54:58, 0.0, 1e-09
2017-03-02 00:55:00, 0.0, 1.09e-09
2017-03-02 00:55:02, 0.0, 4.74e-10
2017-03-02 00:55:04, 0.0, 6.34e-10
2017-03-02 00:55:06, 0.0, 6.55e-10
2017-03-02 00:55:08, 0.0, 4.98e-10
2017-03-02 00:55:10, 0.0, 1.06e-09
2017-03-02 00:55:13, 0.0, 1.2e-09
2017-03-02 00:55:15, 0.0, 8.81e-10
2017-03-02 00:55:17, 0.0, 4.75e-10
2017-03-02 00:55:19, 0.0, 5.51e-10
2017-03-02 00:55:21, 0.0, 6.88e-10
2017-03-02 00:55:23, 0.0, 4.78e-10
2017-03-02 00:55:25, 0.0, 4.74e-10
2017-03-02 00:55:27, 0.0, 6.75e-10
2017-03-02 00:55:29, 0.0, 6.25e-10
2017-03-02 00:55:32, 0.0, 6.68e-10
2017-03-02 00:55:34, 0.0, 6.46e-10
2017-03-02 00:55:36, 0.0, 6.35e-10
2017-03-02 00:55:38, 0.0, 6.5e-10
2017-03-02 00:55:40, 0.0, 8.49e-10
2017-03-02 00:55:42, 0.0, 1.13e-09
2017-03-02 00:55:44, 0.0, 9.98e-10
2017-03-02 00:55:46, 0.0, 1.21e-09
2017-03-02 00:55:49, 0.0, 7.32e-10
2017-03-02 00:55:51, 0.0, 6.13e-10
2017-03-02 00:55:53, 0.0, 6.61e-10
2017-03-02 00:55:55, 0.0, 4.91e-10
2017-03-02 00:55:57, 0.0, 6.17e-10
2017-03-02 00:55:59, 0.0, 5.56e-10
2017-03-02 00:56:01, 0.0, 5.51e-10
2017-03-02 00:56:03, 0.0, 4.88e-10
2017-03-02 00:56:05, 0.0, 5.02e-10
2017-03-02 00:56:08, 0.0, 5.5e-10
2017-03-02 00:56:10, 0.0, 1.49e-09
2017-03-02 00:56:12, 0.0, 5.79e-10
2017-03-02 00:56:14, 0.0, 8.2e-10
2017-03-02 00:56:16, 0.0, 1.06e-09
2017-03-02 00:56:18, 0.0, 6.24e-10
2017-03-02 00:56:20, 0.0, 5.65e-10
2017-03-02 00:56:22, 0.0, 7.78e-10
2017-03-02 00:56:24, 0.0, 8.5e-10
2017-03-02 00:56:27, 0.0, 1.04e-09
2017-03-02 00:56:29, 0.0, 1.1e-09
2017-03-02 00:56:31, 0.0, 6.7e-10
2017-03-02 00:56:33, 0.0, 4.73e-10
2017-03-02 00:56:35, 0.0, 5.95e-10
2017-03-02 00:56:37, 0.0, 4.84e-10
2017-03-02 00:56:39, 0.0, 5.81e-10
2017-03-02 00:56:41, 0.0, 7.4e-10
2017-03-02 00:56:43, 0.0, 7.74e-10
2017-03-02 00:56:46, 0.0, 4.87e-10
2017-03-02 00:56:48, 0.0, 5.18e-10
2017-03-02 00:56:50, 0.0, 5.15e-10
2017-03-02 00:56:52, 0.0, 5.22e-10
2017-03-02 00:56:54, 0.0, 5.6e-10
2017-03-02 00:56:56, 0.0, 5.66e-10
2017-03-02 00:56:58, 0.0, 5.79e-10
2017-03-02 00:57:00, 0.0, 5.19e-10
2017-03-02 00:57:02, 0.0, 4.77e-10
2017-03-02 00:57:05, 0.0, 4.93e-10
2017-03-02 00:57:07, 0.0, 5.39e-10
2017-03-02 00:57:09, 0.0, 4.85e-10
2017-03-02 00:57:11, 0.0, 5.22e-10
2017-03-02 00:57:13, 0.0, 5.27e-10
2017-03-02 00:57:15, 0.0, 5.78e-10
2017-03-02 00:57:17, 0.0, 5.65e-10
2017-03-02 00:57:19, 0.0, 5.18e-10
2017-03-02 00:57:21, 0.0, 6.66e-10
2017-03-02 00:57:24, 0.0, 6.21e-10
2017-03-02 00:57:26, 0.0, 5.89e-10
2017-03-02 00:57:28, 0.0, 6.19e-10
2017-03-02 00:57:30, 0.0, 5.77e-10
2017-03-02 00:57:32, 0.0, 9.89e-10
2017-03-02 00:57:34, 0.0, 1.48e-09
2017-03-02 00:57:36, 0.0, 5.36e-10
2017-03-02 00:57:38, 0.0, 6.27e-10
2017-03-02 00:57:41, 0.0, 6.56e-10
2017-03-02 00:57:43, 0.0, 1.08e-09
2017-03-02 00:57:45, 0.0, 6.02e-10
2017-03-02 00:57:47, 0.0, 5.57e-10
2017-03-02 00:57:49, 0.0, 5.12e-10
2017-03-02 00:57:51, 0.0, 6e-10
2017-03-02 00:57:53, 0.0, 9.9e-10
2017-03-02 00:57:55, 0.0, 1.16e-09
2017-03-02 00:57:57, 0.0, 1.23e-09
2017-03-02 00:58:00, 0.0, 7.35e-10
2017-03-02 00:58:02, 0.0, 6.16e-10
2017-03-02 00:58:04, 0.0, 9.49e-10
2017-03-02 00:58:06, 0.0, 1e-09
2017-03-02 00:58:08, 0.0, 5.88e-10
2017-03-02 00:58:10, 0.0, 5.03e-10
2017-03-02 00:58:12, 0.0, 6.18e-10
2017-03-02 00:58:14, 0.0, 1.09e-09
2017-03-02 00:58:16, 0.0, 1.22e-09
2017-03-02 00:58:19, 0.0, 1.49e-09
2017-03-02 00:58:21, 0.0, 8.8e-10
2017-03-02 00:58:23, 0.0, 1.05e-09
2017-03-02 00:58:25, 0.0, 1.16e-09
2017-03-02 00:58:27, 0.0, 6.33e-10
2017-03-02 00:58:29, 0.0, 5.73e-10
2017-03-02 00:58:31, 0.0, 6.35e-10
2017-03-02 00:58:33, 0.0, 6.57e-10
2017-03-02 00:58:35, 0.0, 7.92e-10
2017-03-02 00:58:38, 0.0, 1.19e-09
2017-03-02 00:58:40, 0.0, 1.1e-09
2017-03-02 00:58:42, 0.0, 5.22e-10
2017-03-02 00:58:44, 0.0, 4.79e-10
2017-03-02 00:58:46, 0.0, 4.9e-10
2017-03-02 00:58:48, 0.0, 4.89e-10
2017-03-02 00:58:50, 0.0, 4.99e-10
2017-03-02 00:58:52, 0.0, 8.07e-10
2017-03-02 00:58:54, 0.0, 8.46e-10
2017-03-02 00:58:57, 0.0, 6.07e-10
2017-03-02 00:58:59, 0.0, 4.84e-10
2017-03-02 00:59:01, 0.0, 6.03e-10
2017-03-02 00:59:03, 0.0, 5.8e-10
2017-03-02 00:59:05, 0.0, 4.69e-10
2017-03-02 00:59:07, 0.0, 5.63e-10
2017-03-02 00:59:09, 0.0, 5.45e-10
2017-03-02 00:59:11, 0.0, 5.08e-10
2017-03-02 00:59:13, 0.0, 1.21e-09
2017-03-02 00:59:16, 0.0, 1.29e-09
2017-03-02 00:59:18, 0.0, 5.79e-10
2017-03-02 00:59:20, 0.0, 5.48e-10
2017-03-02 00:59:22, 0.0, 6.2e-10
2017-03-02 00:59:24, 0.0, 8.52e-10
2017-03-02 00:59:26, 0.0, 5.57e-10
2017-03-02 00:59:28, 0.0, 1.31e-09
2017-03-02 00:59:30, 0.0, 5.92e-10
2017-03-02 00:59:32, 0.0, 8.66e-10
2017-03-02 00:59:35, 0.0, 1.08e-09
2017-03-02 00:59:37, 0.0, 1.34e-09
2017-03-02 00:59:39, 0.0, 1.14e-09
2017-03-02 00:59:41, 0.0, 8.11e-10
2017-03-02 00:59:43, 0.0, 4.85e-10
2017-03-02 00:59:45, 0.0, 9.79e-10
2017-03-02 00:59:47, 0.0, 1.23e-09
2017-03-02 00:59:49, 0.0, 7.37e-10
2017-03-02 00:59:51, 0.0, 9.74e-10
2017-03-02 00:59:54, 0.0, 9.76e-10
2017-03-02 00:59:56, 0.0, 6.69e-10
2017-03-02 00:59:58, 0.0, 7.88e-10
2017-03-02 01:00:00, 0.0, 7.44e-10
2017-03-02 01:00:02, 0.0, 6.3e-10
2017-03-02 01:00:04, 0.0, 5.39e-10
2017-03-02 01:00:06, 0.0, 6.45e-10
