2017-08-12 00:00:07, , , , 
2017-08-12 00:01:04, 9.6, 0.3, 3.4, 13.3
2017-08-12 00:02:03, 9.6, 0.3, 3.4, 13.3
2017-08-12 00:03:03, 9.6, 0.3, 3.4, 13.3
2017-08-12 00:04:03, 9.6, 0.3, 3.4, 13.3
2017-08-12 00:05:03, 9.6, 0.3, 3.4, 13.3
2017-08-12 00:06:03, 9.69, 0.3, 3.3, 13.29
2017-08-12 00:07:04, 9.69, 0.3, 3.3, 13.29
2017-08-12 00:08:03, 9.69, 0.3, 3.3, 13.29
2017-08-12 00:09:03, 9.69, 0.3, 3.3, 13.29
2017-08-12 00:10:04, 9.69, 0.3, 3.3, 13.29
2017-08-12 00:11:03, 2.46, 0.3, 4.0, 6.76
2017-08-12 00:12:03, 2.46, 0.3, 4.0, 6.76
2017-08-12 00:13:04, 2.46, 0.3, 4.0, 6.76
2017-08-12 00:14:03, 2.46, 0.3, 4.0, 6.76
2017-08-12 00:15:03, 2.46, 0.3, 4.0, 6.76
2017-08-12 00:16:03, 2.48, 0.0, 3.4, 5.88
2017-08-12 00:17:04, 2.48, 0.0, 3.4, 5.88
2017-08-12 00:18:03, 2.48, 0.0, 3.4, 5.88
2017-08-12 00:19:03, 2.48, 0.0, 3.4, 5.88
2017-08-12 00:20:04, 2.48, 0.0, 3.4, 5.88
2017-08-12 00:21:03, 9.62, 0.0, 3.5, 13.12
2017-08-12 00:22:04, 9.62, 0.0, 3.5, 13.12
2017-08-12 00:23:04, 9.62, 0.0, 3.5, 13.12
2017-08-12 00:24:03, 9.62, 0.0, 3.5, 13.12
2017-08-12 00:25:03, 9.62, 0.0, 3.5, 13.12
2017-08-12 00:26:04, 9.65, 0.0, 4.0, 13.65
2017-08-12 00:27:03, 9.65, 0.0, 4.0, 13.65
2017-08-12 00:28:03, 9.65, 0.0, 4.0, 13.65
2017-08-12 00:29:04, 9.65, 0.0, 4.0, 13.65
2017-08-12 00:30:04, 9.65, 0.0, 4.0, 13.65
2017-08-12 00:31:03, 2.46, 0.0, 4.0, 6.46
2017-08-12 00:32:03, 2.46, 0.0, 4.0, 6.46
2017-08-12 00:33:03, 2.46, 0.0, 4.0, 6.46
2017-08-12 00:34:03, 2.46, 0.0, 4.0, 6.46
2017-08-12 00:35:03, 2.46, 0.0, 4.0, 6.46
2017-08-12 00:36:03, 2.47, 0.0, 3.4, 5.87
2017-08-12 00:37:04, 2.47, 0.0, 3.4, 5.87
2017-08-12 00:38:03, 2.47, 0.0, 3.4, 5.87
2017-08-12 00:39:03, 2.47, 0.0, 3.4, 5.87
2017-08-12 00:40:03, 2.47, 0.0, 3.4, 5.87
2017-08-12 00:41:03, 9.62, 0.0, 4.0, 13.62
2017-08-12 00:42:03, 9.62, 0.0, 4.0, 13.62
2017-08-12 00:43:03, 9.62, 0.0, 4.0, 13.62
2017-08-12 00:44:03, 9.62, 0.0, 4.0, 13.62
2017-08-12 00:45:04, 9.62, 0.0, 4.0, 13.62
2017-08-12 00:46:03, 9.72, 0.3, 4.0, 14.02
2017-08-12 00:47:03, 9.72, 0.3, 4.0, 14.02
2017-08-12 00:48:03, 9.72, 0.3, 4.0, 14.02
2017-08-12 00:49:04, 9.72, 0.3, 4.0, 14.02
2017-08-12 00:50:03, 9.72, 0.3, 4.0, 14.02
2017-08-12 00:51:03, 2.47, 0.3, 3.3, 6.07
2017-08-12 00:52:04, 2.47, 0.3, 3.3, 6.07
2017-08-12 00:53:03, 2.47, 0.3, 3.3, 6.07
2017-08-12 00:54:03, 2.47, 0.3, 3.3, 6.07
2017-08-12 00:55:03, 2.47, 0.3, 3.3, 6.07
2017-08-12 00:56:03, 2.46, 0.3, 4.0, 6.76
2017-08-12 00:57:04, 2.46, 0.3, 4.0, 6.76
2017-08-12 00:58:03, 2.46, 0.3, 4.0, 6.76
2017-08-12 00:59:03, 2.46, 0.3, 4.0, 6.76
2017-08-12 01:00:04, 2.46, 0.3, 4.0, 6.76
2017-08-12 01:01:04, 2.44, 0.3, 3.6, 6.34
2017-08-12 01:02:04, 2.44, 0.3, 3.6, 6.34
2017-08-12 01:03:03, 2.44, 0.3, 3.6, 6.34
2017-08-12 01:04:03, 2.44, 0.3, 3.6, 6.34
2017-08-12 01:05:03, 2.44, 0.3, 3.6, 6.34
2017-08-12 01:06:03, 9.58, 0.0, 3.8, 13.38
2017-08-12 01:07:04, 9.58, 0.0, 3.8, 13.38
2017-08-12 01:08:03, 9.58, 0.0, 3.8, 13.38
2017-08-12 01:09:03, 9.58, 0.0, 3.8, 13.38
2017-08-12 01:10:04, 9.58, 0.0, 3.8, 13.38
2017-08-12 01:11:03, 2.44, 0.3, 3.5, 6.24
2017-08-12 01:12:03, 2.44, 0.3, 3.5, 6.24
2017-08-12 01:13:05, 2.44, 0.3, 3.5, 6.24
2017-08-12 01:14:03, 2.44, 0.3, 3.5, 6.24
2017-08-12 01:15:03, 2.44, 0.3, 3.5, 6.24
2017-08-12 01:16:03, 2.42, 0.3, 3.8, 6.52
2017-08-12 01:17:04, 2.42, 0.3, 3.8, 6.52
2017-08-12 01:18:03, 2.42, 0.3, 3.8, 6.52
2017-08-12 01:19:04, 2.42, 0.3, 3.8, 6.52
2017-08-12 01:20:04, 2.42, 0.3, 3.8, 6.52
2017-08-12 01:21:03, 2.43, 0.3, 4.0, 6.73
2017-08-12 01:22:03, 2.43, 0.3, 4.0, 6.73
2017-08-12 01:23:04, 2.43, 0.3, 4.0, 6.73
2017-08-12 01:24:03, 2.43, 0.3, 4.0, 6.73
2017-08-12 01:25:03, 2.43, 0.3, 4.0, 6.73
2017-08-12 01:26:05, 9.55, 0.0, 3.4, 12.95
2017-08-12 01:27:03, 9.55, 0.0, 3.4, 12.95
2017-08-12 01:28:04, 9.55, 0.0, 3.4, 12.95
2017-08-12 01:29:03, 9.55, 0.0, 3.4, 12.95
2017-08-12 01:30:03, 9.55, 0.0, 3.4, 12.95
2017-08-12 01:31:03, 9.57, 0.3, 4.0, 13.87
2017-08-12 01:32:03, 9.57, 0.3, 4.0, 13.87
2017-08-12 01:33:03, 9.57, 0.3, 4.0, 13.87
2017-08-12 01:34:04, 9.57, 0.3, 4.0, 13.87
2017-08-12 01:35:03, 9.57, 0.3, 4.0, 13.87
2017-08-12 01:36:03, 2.43, 0.3, 4.0, 6.73
2017-08-12 01:37:04, 2.43, 0.3, 4.0, 6.73
2017-08-12 01:38:03, 2.43, 0.3, 4.0, 6.73
2017-08-12 01:39:04, 2.43, 0.3, 4.0, 6.73
2017-08-12 01:40:03, 2.43, 0.3, 4.0, 6.73
2017-08-12 01:41:03, 2.42, 0.3, 4.0, 6.72
2017-08-12 01:42:03, 2.42, 0.3, 4.0, 6.72
2017-08-12 01:43:03, 2.42, 0.3, 4.0, 6.72
2017-08-12 01:44:03, 2.42, 0.3, 4.0, 6.72
2017-08-12 01:45:04, 2.42, 0.3, 4.0, 6.72
2017-08-12 01:46:03, 9.5, 0.0, 3.6, 13.1
2017-08-12 01:47:03, 9.5, 0.0, 3.6, 13.1
2017-08-12 01:48:03, 9.5, 0.0, 3.6, 13.1
2017-08-12 01:49:03, 9.5, 0.0, 3.6, 13.1
2017-08-12 01:50:04, 9.5, 0.0, 3.6, 13.1
2017-08-12 01:51:03, 9.62, 0.0, 4.0, 13.62
2017-08-12 01:52:04, 9.62, 0.0, 4.0, 13.62
2017-08-12 01:53:03, 9.62, 0.0, 4.0, 13.62
2017-08-12 01:54:03, 9.62, 0.0, 4.0, 13.62
2017-08-12 01:55:03, 9.62, 0.0, 4.0, 13.62
2017-08-12 01:56:03, 2.44, 0.3, 3.8, 6.54
2017-08-12 01:57:04, 2.44, 0.3, 3.8, 6.54
2017-08-12 01:58:04, 2.44, 0.3, 3.8, 6.54
2017-08-12 01:59:03, 2.44, 0.3, 3.8, 6.54
2017-08-12 02:00:04, 2.44, 0.3, 3.8, 6.54
2017-08-12 02:01:04, 2.41, 0.3, 3.7, 6.41
2017-08-12 02:02:03, 2.41, 0.3, 3.7, 6.41
2017-08-12 02:03:03, 2.41, 0.3, 3.7, 6.41
2017-08-12 02:04:03, 2.41, 0.3, 3.7, 6.41
2017-08-12 02:05:03, 2.41, 0.3, 3.7, 6.41
2017-08-12 02:06:04, 9.33, 0.3, 3.9, 13.53
2017-08-12 02:07:03, 9.33, 0.3, 3.9, 13.53
2017-08-12 02:08:03, 9.33, 0.3, 3.9, 13.53
2017-08-12 02:09:03, 9.33, 0.3, 3.9, 13.53
2017-08-12 02:10:04, 9.33, 0.3, 3.9, 13.53
2017-08-12 02:11:03, 9.57, 0.0, 3.9, 13.47
2017-08-12 02:12:03, 9.57, 0.0, 3.9, 13.47
2017-08-12 02:13:04, 9.57, 0.0, 3.9, 13.47
2017-08-12 02:14:03, 9.57, 0.0, 3.9, 13.47
2017-08-12 02:15:03, 9.57, 0.0, 3.9, 13.47
2017-08-12 02:16:03, 2.42, 0.0, 3.8, 6.22
2017-08-12 02:17:04, 2.42, 0.0, 3.8, 6.22
2017-08-12 02:18:03, 2.42, 0.0, 3.8, 6.22
2017-08-12 02:19:03, 2.42, 0.0, 3.8, 6.22
2017-08-12 02:20:04, 2.42, 0.0, 3.8, 6.22
2017-08-12 02:21:03, 2.41, 0.0, 3.4, 5.81
2017-08-12 02:22:03, 2.41, 0.0, 3.4, 5.81
2017-08-12 02:23:04, 2.41, 0.0, 3.4, 5.81
2017-08-12 02:24:03, 2.41, 0.0, 3.4, 5.81
2017-08-12 02:25:03, 2.41, 0.0, 3.4, 5.81
2017-08-12 02:26:03, 2.43, 0.3, 4.0, 6.73
2017-08-12 02:27:03, 2.43, 0.3, 4.0, 6.73
2017-08-12 02:28:03, 2.43, 0.3, 4.0, 6.73
2017-08-12 02:29:03, 2.43, 0.3, 4.0, 6.73
2017-08-12 02:30:04, 2.43, 0.3, 4.0, 6.73
2017-08-12 02:31:03, 9.55, 0.3, 3.5, 13.35
2017-08-12 02:32:03, 9.55, 0.3, 3.5, 13.35
2017-08-12 02:33:03, 9.55, 0.3, 3.5, 13.35
2017-08-12 02:34:03, 9.55, 0.3, 3.5, 13.35
2017-08-12 02:35:03, 9.55, 0.3, 3.5, 13.35
2017-08-12 02:36:05, 9.63, 0.3, 3.6, 13.53
2017-08-12 02:37:03, 9.63, 0.3, 3.6, 13.53
2017-08-12 02:38:04, 9.63, 0.3, 3.6, 13.53
2017-08-12 02:39:03, 9.63, 0.3, 3.6, 13.53
2017-08-12 02:40:03, 9.63, 0.3, 3.6, 13.53
2017-08-12 02:41:03, 2.47, 0.3, 4.0, 6.77
2017-08-12 02:42:03, 2.47, 0.3, 4.0, 6.77
2017-08-12 02:43:03, 2.47, 0.3, 4.0, 6.77
2017-08-12 02:44:03, 2.47, 0.3, 4.0, 6.77
2017-08-12 02:45:04, 2.47, 0.3, 4.0, 6.77
2017-08-12 02:46:03, 2.47, 0.3, 3.3, 6.07
2017-08-12 02:47:03, 2.47, 0.3, 3.3, 6.07
2017-08-12 02:48:03, 2.47, 0.3, 3.3, 6.07
2017-08-12 02:49:04, 2.47, 0.3, 3.3, 6.07
2017-08-12 02:50:03, 2.47, 0.3, 3.3, 6.07
2017-08-12 02:51:04, 9.56, 0.0, 3.4, 12.96
2017-08-12 02:52:03, 9.56, 0.0, 3.4, 12.96
2017-08-12 02:53:03, 9.56, 0.0, 3.4, 12.96
2017-08-12 02:54:03, 9.56, 0.0, 3.4, 12.96
2017-08-12 02:55:03, 9.56, 0.0, 3.4, 12.96
2017-08-12 02:56:04, 9.69, 0.0, 3.4, 13.09
2017-08-12 02:57:03, 9.69, 0.0, 3.4, 13.09
2017-08-12 02:58:03, 9.69, 0.0, 3.4, 13.09
2017-08-12 02:59:03, 9.69, 0.0, 3.4, 13.09
2017-08-12 03:00:04, 9.69, 0.0, 3.4, 13.09
2017-08-12 03:01:04, 2.49, 0.0, 4.0, 6.49
2017-08-12 03:02:03, 2.49, 0.0, 4.0, 6.49
2017-08-12 03:03:03, 2.49, 0.0, 4.0, 6.49
2017-08-12 03:04:03, 2.49, 0.0, 4.0, 6.49
2017-08-12 03:05:04, 2.49, 0.0, 4.0, 6.49
2017-08-12 03:06:04, 2.48, 0.0, 4.0, 6.48
2017-08-12 03:07:03, 2.48, 0.0, 4.0, 6.48
2017-08-12 03:08:03, 2.48, 0.0, 4.0, 6.48
2017-08-12 03:09:03, 2.48, 0.0, 4.0, 6.48
2017-08-12 03:10:04, 2.48, 0.0, 4.0, 6.48
2017-08-12 03:11:03, 9.4, 0.0, 4.0, 13.4
2017-08-12 03:12:03, 9.4, 0.0, 4.0, 13.4
2017-08-12 03:13:04, 9.4, 0.0, 4.0, 13.4
2017-08-12 03:14:03, 9.4, 0.0, 4.0, 13.4
2017-08-12 03:15:03, 9.4, 0.0, 4.0, 13.4
2017-08-12 03:16:03, 9.68, 0.3, 3.8, 13.78
2017-08-12 03:17:04, 9.68, 0.3, 3.8, 13.78
2017-08-12 03:18:03, 9.68, 0.3, 3.8, 13.78
2017-08-12 03:19:03, 9.68, 0.3, 3.8, 13.78
2017-08-12 03:20:04, 9.68, 0.3, 3.8, 13.78
2017-08-12 03:21:03, 2.47, 0.3, 3.9, 6.67
2017-08-12 03:22:03, 2.47, 0.3, 3.9, 6.67
2017-08-12 03:23:04, 2.47, 0.3, 3.9, 6.67
2017-08-12 03:24:03, 2.47, 0.3, 3.9, 6.67
2017-08-12 03:25:03, 2.47, 0.3, 3.9, 6.67
2017-08-12 03:26:03, 2.44, 0.3, 3.7, 6.44
2017-08-12 03:27:03, 2.44, 0.3, 3.7, 6.44
2017-08-12 03:28:04, 2.44, 0.3, 3.7, 6.44
2017-08-12 03:29:03, 2.44, 0.3, 3.7, 6.44
2017-08-12 03:30:03, 2.44, 0.3, 3.7, 6.44
2017-08-12 03:31:03, 2.45, 0.0, 3.4, 5.85
2017-08-12 03:32:03, 2.45, 0.0, 3.4, 5.85
2017-08-12 03:33:03, 2.45, 0.0, 3.4, 5.85
2017-08-12 03:34:04, 2.45, 0.0, 3.4, 5.85
2017-08-12 03:35:03, 2.45, 0.0, 3.4, 5.85
2017-08-12 03:36:03, 9.51, 0.0, 3.3, 12.81
2017-08-12 03:37:03, 9.51, 0.0, 3.3, 12.81
2017-08-12 03:38:03, 9.51, 0.0, 3.3, 12.81
2017-08-12 03:39:03, 9.51, 0.0, 3.3, 12.81
2017-08-12 03:40:03, 9.51, 0.0, 3.3, 12.81
2017-08-12 03:41:03, 2.45, 0.0, 3.9, 6.35
2017-08-12 03:42:03, 2.45, 0.0, 3.9, 6.35
2017-08-12 03:43:04, 2.45, 0.0, 3.9, 6.35
2017-08-12 03:44:05, 2.45, 0.0, 3.9, 6.35
2017-08-12 03:45:03, 2.45, 0.0, 3.9, 6.35
2017-08-12 03:46:04, 2.44, 0.3, 4.0, 6.74
2017-08-12 03:47:03, 2.44, 0.3, 4.0, 6.74
2017-08-12 03:48:04, 2.44, 0.3, 4.0, 6.74
2017-08-12 03:49:03, 2.44, 0.3, 4.0, 6.74
2017-08-12 03:50:03, 2.44, 0.3, 4.0, 6.74
2017-08-12 03:51:03, 2.45, 0.3, 4.0, 6.75
2017-08-12 03:52:03, 2.45, 0.3, 4.0, 6.75
2017-08-12 03:53:04, 2.45, 0.3, 4.0, 6.75
2017-08-12 03:54:05, 2.45, 0.3, 4.0, 6.75
2017-08-12 03:55:04, 2.45, 0.3, 4.0, 6.75
2017-08-12 03:56:03, 9.5, 0.0, 3.7, 13.2
2017-08-12 03:57:03, 9.5, 0.0, 3.7, 13.2
2017-08-12 03:58:03, 9.5, 0.0, 3.7, 13.2
2017-08-12 03:59:03, 9.5, 0.0, 3.7, 13.2
2017-08-12 04:00:05, 9.5, 0.0, 3.7, 13.2
2017-08-12 04:01:03, 9.57, 0.0, 4.0, 13.57
2017-08-12 04:02:03, 9.57, 0.0, 4.0, 13.57
2017-08-12 04:03:03, 9.57, 0.0, 4.0, 13.57
2017-08-12 04:04:04, 9.57, 0.0, 4.0, 13.57
2017-08-12 04:05:03, 9.57, 0.0, 4.0, 13.57
2017-08-12 04:06:03, 2.42, 0.0, 3.4, 5.82
2017-08-12 04:07:03, 2.42, 0.0, 3.4, 5.82
2017-08-12 04:08:03, 2.42, 0.0, 3.4, 5.82
2017-08-12 04:09:04, 2.42, 0.0, 3.4, 5.82
2017-08-12 04:10:03, 2.42, 0.0, 3.4, 5.82
2017-08-12 04:11:04, 2.43, 0.3, 4.0, 6.73
2017-08-12 04:12:03, 2.43, 0.3, 4.0, 6.73
2017-08-12 04:13:03, 2.43, 0.3, 4.0, 6.73
2017-08-12 04:14:03, 2.43, 0.3, 4.0, 6.73
2017-08-12 04:15:06, 2.43, 0.3, 4.0, 6.73
2017-08-12 04:16:03, 11.13, 0.3, 4.0, 15.43
2017-08-12 04:17:03, 11.13, 0.3, 4.0, 15.43
2017-08-12 04:18:04, 11.13, 0.3, 4.0, 15.43
2017-08-12 04:19:03, 11.13, 0.3, 4.0, 15.43
2017-08-12 04:20:03, 11.13, 0.3, 4.0, 15.43
2017-08-12 04:21:03, 9.58, 0.3, 3.9, 13.78
2017-08-12 04:22:03, 9.58, 0.3, 3.9, 13.78
2017-08-12 04:23:03, 9.58, 0.3, 3.9, 13.78
2017-08-12 04:24:03, 9.58, 0.3, 3.9, 13.78
2017-08-12 04:25:04, 9.58, 0.3, 3.9, 13.78
2017-08-12 04:26:03, 2.43, 0.3, 3.3, 6.03
2017-08-12 04:27:03, 2.43, 0.3, 3.3, 6.03
2017-08-12 04:28:03, 2.43, 0.3, 3.3, 6.03
2017-08-12 04:29:03, 2.43, 0.3, 3.3, 6.03
2017-08-12 04:30:04, 2.43, 0.3, 3.3, 6.03
2017-08-12 04:31:03, 2.43, 0.3, 3.5, 6.23
2017-08-12 04:32:04, 2.43, 0.3, 3.5, 6.23
2017-08-12 04:33:03, 2.43, 0.3, 3.5, 6.23
2017-08-12 04:34:03, 2.43, 0.3, 3.5, 6.23
2017-08-12 04:35:03, 2.43, 0.3, 3.5, 6.23
2017-08-12 04:36:04, 2.44, 0.3, 4.0, 6.74
2017-08-12 04:37:03, 2.44, 0.3, 4.0, 6.74
2017-08-12 04:38:03, 2.44, 0.3, 4.0, 6.74
2017-08-12 04:39:04, 2.44, 0.3, 4.0, 6.74
2017-08-12 04:40:04, 2.44, 0.3, 4.0, 6.74
2017-08-12 04:41:03, 9.53, 0.3, 4.0, 13.83
2017-08-12 04:42:03, 9.53, 0.3, 4.0, 13.83
2017-08-12 04:43:04, 9.53, 0.3, 4.0, 13.83
2017-08-12 04:44:03, 9.53, 0.3, 4.0, 13.83
2017-08-12 04:45:04, 9.53, 0.3, 4.0, 13.83
2017-08-12 04:46:03, 2.43, 0.3, 4.0, 6.73
2017-08-12 04:47:04, 2.43, 0.3, 4.0, 6.73
2017-08-12 04:48:04, 2.43, 0.3, 4.0, 6.73
2017-08-12 04:49:03, 2.43, 0.3, 4.0, 6.73
2017-08-12 04:50:03, 2.43, 0.3, 4.0, 6.73
2017-08-12 04:51:03, 2.42, 0.3, 3.3, 6.02
2017-08-12 04:52:03, 2.42, 0.3, 3.3, 6.02
2017-08-12 04:53:05, 2.42, 0.3, 3.3, 6.02
2017-08-12 04:54:04, 2.42, 0.3, 3.3, 6.02
2017-08-12 04:55:03, 2.42, 0.3, 3.3, 6.02
2017-08-12 04:56:03, 2.43, 0.3, 4.0, 6.73
2017-08-12 04:57:03, 2.43, 0.3, 4.0, 6.73
2017-08-12 04:58:03, 2.43, 0.3, 4.0, 6.73
2017-08-12 04:59:04, 2.43, 0.3, 4.0, 6.73
2017-08-12 05:00:04, 2.43, 0.3, 4.0, 6.73
2017-08-12 05:01:03, 9.49, 0.0, 4.0, 13.49
2017-08-12 05:02:03, 9.49, 0.0, 4.0, 13.49
2017-08-12 05:03:03, 9.49, 0.0, 4.0, 13.49
2017-08-12 05:04:03, 9.49, 0.0, 4.0, 13.49
2017-08-12 05:05:03, 9.49, 0.0, 4.0, 13.49
2017-08-12 05:06:03, 9.59, 0.3, 3.3, 13.19
2017-08-12 05:07:03, 9.59, 0.3, 3.3, 13.19
2017-08-12 05:08:03, 9.59, 0.3, 3.3, 13.19
2017-08-12 05:09:03, 9.59, 0.3, 3.3, 13.19
2017-08-12 05:10:05, 9.59, 0.3, 3.3, 13.19
2017-08-12 05:11:03, 2.43, 0.3, 4.0, 6.73
2017-08-12 05:12:04, 2.43, 0.3, 4.0, 6.73
2017-08-12 05:13:03, 2.43, 0.3, 4.0, 6.73
2017-08-12 05:14:03, 2.43, 0.3, 4.0, 6.73
2017-08-12 05:15:03, 2.43, 0.3, 4.0, 6.73
2017-08-12 05:16:04, 2.44, 0.3, 4.0, 6.74
2017-08-12 05:17:04, 2.44, 0.3, 4.0, 6.74
2017-08-12 05:18:03, 2.44, 0.3, 4.0, 6.74
2017-08-12 05:19:03, 2.44, 0.3, 4.0, 6.74
2017-08-12 05:20:03, 2.44, 0.3, 4.0, 6.74
2017-08-12 05:21:04, 9.34, 0.0, 4.0, 13.34
2017-08-12 05:22:03, 9.34, 0.0, 4.0, 13.34
2017-08-12 05:23:03, 9.34, 0.0, 4.0, 13.34
2017-08-12 05:24:04, 9.34, 0.0, 4.0, 13.34
2017-08-12 05:25:05, 9.34, 0.0, 4.0, 13.34
2017-08-12 05:26:03, 9.62, 0.0, 4.0, 13.62
2017-08-12 05:27:03, 9.62, 0.0, 4.0, 13.62
2017-08-12 05:28:03, 9.62, 0.0, 4.0, 13.62
2017-08-12 05:29:03, 9.62, 0.0, 4.0, 13.62
2017-08-12 05:30:04, 9.62, 0.0, 4.0, 13.62
2017-08-12 05:31:04, 2.46, 0.3, 3.4, 6.16
2017-08-12 05:32:03, 2.46, 0.3, 3.4, 6.16
2017-08-12 05:33:03, 2.46, 0.3, 3.4, 6.16
2017-08-12 05:34:03, 2.46, 0.3, 3.4, 6.16
2017-08-12 05:35:04, 2.46, 0.3, 3.4, 6.16
2017-08-12 05:36:03, 2.48, 0.3, 4.0, 6.78
2017-08-12 05:37:03, 2.48, 0.3, 4.0, 6.78
2017-08-12 05:38:03, 2.48, 0.3, 4.0, 6.78
2017-08-12 05:39:04, 2.48, 0.3, 4.0, 6.78
2017-08-12 05:40:04, 2.48, 0.3, 4.0, 6.78
2017-08-12 05:41:03, 2.49, 0.0, 4.0, 6.49
2017-08-12 05:42:03, 2.49, 0.0, 4.0, 6.49
2017-08-12 05:43:04, 2.49, 0.0, 4.0, 6.49
2017-08-12 05:44:03, 2.49, 0.0, 4.0, 6.49
2017-08-12 05:45:03, 2.49, 0.0, 4.0, 6.49
2017-08-12 05:46:03, 9.65, 0.0, 3.3, 12.95
2017-08-12 05:47:03, 9.65, 0.0, 3.3, 12.95
2017-08-12 05:48:04, 9.65, 0.0, 3.3, 12.95
2017-08-12 05:49:03, 9.65, 0.0, 3.3, 12.95
2017-08-12 05:50:03, 9.65, 0.0, 3.3, 12.95
2017-08-12 05:51:03, 2.48, 0.0, 3.3, 5.78
2017-08-12 05:52:03, 2.48, 0.0, 3.3, 5.78
2017-08-12 05:53:03, 2.48, 0.0, 3.3, 5.78
2017-08-12 05:54:03, 2.48, 0.0, 3.3, 5.78
2017-08-12 05:55:03, 2.48, 0.0, 3.3, 5.78
2017-08-12 05:56:03, 2.49, 0.0, 3.3, 5.79
2017-08-12 05:57:03, 2.49, 0.0, 3.3, 5.79
2017-08-12 05:58:03, 2.49, 0.0, 3.3, 5.79
2017-08-12 05:59:04, 2.49, 0.0, 3.3, 5.79
2017-08-12 06:00:04, 2.49, 0.0, 3.3, 5.79
2017-08-12 06:01:03, 2.48, 0.0, 4.0, 6.48
2017-08-12 06:02:03, 2.48, 0.0, 4.0, 6.48
2017-08-12 06:03:04, 2.48, 0.0, 4.0, 6.48
2017-08-12 06:04:04, 2.48, 0.0, 4.0, 6.48
2017-08-12 06:05:03, 2.48, 0.0, 4.0, 6.48
2017-08-12 06:06:03, 9.59, 0.3, 3.9, 13.79
2017-08-12 06:07:03, 9.59, 0.3, 3.9, 13.79
2017-08-12 06:08:03, 9.59, 0.3, 3.9, 13.79
2017-08-12 06:09:04, 9.59, 0.3, 3.9, 13.79
2017-08-12 06:10:03, 9.59, 0.3, 3.9, 13.79
2017-08-12 06:11:04, 9.65, 0.3, 3.6, 13.55
2017-08-12 06:12:03, 9.65, 0.3, 3.6, 13.55
2017-08-12 06:13:03, 9.65, 0.3, 3.6, 13.55
2017-08-12 06:14:03, 9.65, 0.3, 3.6, 13.55
2017-08-12 06:15:03, 9.65, 0.3, 3.6, 13.55
2017-08-12 06:16:04, 2.44, 0.3, 3.9, 6.64
2017-08-12 06:17:03, 2.44, 0.3, 3.9, 6.64
2017-08-12 06:18:04, 2.44, 0.3, 3.9, 6.64
2017-08-12 06:19:04, 2.44, 0.3, 3.9, 6.64
2017-08-12 06:20:03, 2.44, 0.3, 3.9, 6.64
2017-08-12 06:21:03, 2.45, 0.3, 4.0, 6.75
2017-08-12 06:22:04, 2.45, 0.3, 4.0, 6.75
2017-08-12 06:23:03, 2.45, 0.3, 4.0, 6.75
2017-08-12 06:24:03, 2.45, 0.3, 4.0, 6.75
2017-08-12 06:25:05, 2.45, 0.3, 4.0, 6.75
2017-08-12 06:26:03, 9.44, 0.0, 3.6, 13.04
2017-08-12 06:27:03, 9.44, 0.0, 3.6, 13.04
2017-08-12 06:28:04, 9.44, 0.0, 3.6, 13.04
2017-08-12 06:29:03, 9.44, 0.0, 3.6, 13.04
2017-08-12 06:30:03, 9.44, 0.0, 3.6, 13.04
2017-08-12 06:31:03, 9.58, 0.0, 3.5, 13.08
2017-08-12 06:32:03, 9.58, 0.0, 3.5, 13.08
2017-08-12 06:33:04, 9.58, 0.0, 3.5, 13.08
2017-08-12 06:34:04, 9.58, 0.0, 3.5, 13.08
2017-08-12 06:35:03, 9.58, 0.0, 3.5, 13.08
2017-08-12 06:36:03, 2.43, 0.3, 3.3, 6.03
2017-08-12 06:37:03, 2.43, 0.3, 3.3, 6.03
2017-08-12 06:38:03, 2.43, 0.3, 3.3, 6.03
2017-08-12 06:39:04, 2.43, 0.3, 3.3, 6.03
2017-08-12 06:40:03, 2.43, 0.3, 3.3, 6.03
2017-08-12 06:41:04, 2.44, 0.3, 4.0, 6.74
2017-08-12 06:42:03, 2.44, 0.3, 4.0, 6.74
2017-08-12 06:43:03, 2.44, 0.3, 4.0, 6.74
2017-08-12 06:44:03, 2.44, 0.3, 4.0, 6.74
2017-08-12 06:45:04, 2.44, 0.3, 4.0, 6.74
2017-08-12 06:46:04, 2.43, 0.0, 3.9, 6.33
2017-08-12 06:47:03, 2.43, 0.0, 3.9, 6.33
2017-08-12 06:48:03, 2.43, 0.0, 3.9, 6.33
2017-08-12 06:49:03, 2.43, 0.0, 3.9, 6.33
2017-08-12 06:50:04, 2.43, 0.0, 3.9, 6.33
2017-08-12 06:51:03, 9.58, 0.0, 3.5, 13.08
2017-08-12 06:52:04, 9.58, 0.0, 3.5, 13.08
2017-08-12 06:53:05, 9.58, 0.0, 3.5, 13.08
2017-08-12 06:54:03, 9.58, 0.0, 3.5, 13.08
2017-08-12 06:55:03, 9.58, 0.0, 3.5, 13.08
2017-08-12 06:56:03, 2.43, 0.0, 3.9, 6.33
2017-08-12 06:57:03, 2.43, 0.0, 3.9, 6.33
2017-08-12 06:58:03, 2.43, 0.0, 3.9, 6.33
2017-08-12 06:59:03, 2.43, 0.0, 3.9, 6.33
2017-08-12 07:00:05, 2.43, 0.0, 3.9, 6.33
2017-08-12 07:01:03, 2.42, 0.3, 4.0, 6.72
2017-08-12 07:02:04, 2.42, 0.3, 4.0, 6.72
2017-08-12 07:03:03, 2.42, 0.3, 4.0, 6.72
2017-08-12 07:04:03, 2.42, 0.3, 4.0, 6.72
2017-08-12 07:05:03, 2.42, 0.3, 4.0, 6.72
2017-08-12 07:06:03, 2.44, 0.3, 4.0, 6.74
2017-08-12 07:07:04, 2.44, 0.3, 4.0, 6.74
2017-08-12 07:08:03, 2.44, 0.3, 4.0, 6.74
2017-08-12 07:09:03, 2.44, 0.3, 4.0, 6.74
2017-08-12 07:10:03, 2.44, 0.3, 4.0, 6.74
2017-08-12 07:11:03, 9.62, 0.3, 3.5, 13.42
2017-08-12 07:12:03, 9.62, 0.3, 3.5, 13.42
2017-08-12 07:13:03, 9.62, 0.3, 3.5, 13.42
2017-08-12 07:14:04, 9.62, 0.3, 3.5, 13.42
2017-08-12 07:15:03, 9.62, 0.3, 3.5, 13.42
2017-08-12 07:16:03, 9.71, 0.3, 3.8, 13.81
2017-08-12 07:17:04, 9.71, 0.3, 3.8, 13.81
2017-08-12 07:18:03, 9.71, 0.3, 3.8, 13.81
2017-08-12 07:19:03, 9.71, 0.3, 3.8, 13.81
2017-08-12 07:20:04, 9.71, 0.3, 3.8, 13.81
2017-08-12 07:21:03, 2.44, 0.3, 4.0, 6.74
2017-08-12 07:22:03, 2.44, 0.3, 4.0, 6.74
2017-08-12 07:23:04, 2.44, 0.3, 4.0, 6.74
2017-08-12 07:24:03, 2.44, 0.3, 4.0, 6.74
2017-08-12 07:25:03, 2.44, 0.3, 4.0, 6.74
2017-08-12 07:26:03, 2.43, 0.3, 4.0, 6.73
2017-08-12 07:27:03, 2.43, 0.3, 4.0, 6.73
2017-08-12 07:28:04, 2.43, 0.3, 4.0, 6.73
2017-08-12 07:29:03, 2.43, 0.3, 4.0, 6.73
2017-08-12 07:30:04, 2.43, 0.3, 4.0, 6.73
2017-08-12 07:31:03, 9.62, 0.0, 3.3, 12.92
2017-08-12 07:32:03, 9.62, 0.0, 3.3, 12.92
2017-08-12 07:33:04, 9.62, 0.0, 3.3, 12.92
2017-08-12 07:34:05, 9.62, 0.0, 3.3, 12.92
2017-08-12 07:35:03, 9.62, 0.0, 3.3, 12.92
2017-08-12 07:36:03, 9.7, 0.3, 3.5, 13.5
2017-08-12 07:37:04, 9.7, 0.3, 3.5, 13.5
2017-08-12 07:38:03, 9.7, 0.3, 3.5, 13.5
2017-08-12 07:39:03, 9.7, 0.3, 3.5, 13.5
2017-08-12 07:40:03, 9.7, 0.3, 3.5, 13.5
2017-08-12 07:41:03, 2.43, 0.3, 4.0, 6.73
2017-08-12 07:42:03, 2.43, 0.3, 4.0, 6.73
2017-08-12 07:43:03, 2.43, 0.3, 4.0, 6.73
2017-08-12 07:44:04, 2.43, 0.3, 4.0, 6.73
2017-08-12 07:45:03, 2.43, 0.3, 4.0, 6.73
2017-08-12 07:46:03, 2.42, 0.3, 4.0, 6.72
2017-08-12 07:47:03, 2.42, 0.3, 4.0, 6.72
2017-08-12 07:48:04, 2.42, 0.3, 4.0, 6.72
2017-08-12 07:49:04, 2.42, 0.3, 4.0, 6.72
2017-08-12 07:50:03, 2.42, 0.3, 4.0, 6.72
2017-08-12 07:51:04, 2.44, 0.0, 3.4, 5.84
2017-08-12 07:52:04, 2.44, 0.0, 3.4, 5.84
2017-08-12 07:53:03, 2.44, 0.0, 3.4, 5.84
2017-08-12 07:54:03, 2.44, 0.0, 3.4, 5.84
2017-08-12 07:55:03, 2.44, 0.0, 3.4, 5.84
2017-08-12 07:56:04, 9.61, 0.3, 4.0, 13.91
2017-08-12 07:57:04, 9.61, 0.3, 4.0, 13.91
2017-08-12 07:58:03, 9.61, 0.3, 4.0, 13.91
2017-08-12 07:59:03, 9.61, 0.3, 4.0, 13.91
2017-08-12 08:00:05, 9.61, 0.3, 4.0, 13.91
2017-08-12 08:01:05, 2.42, 0.3, 3.7, 6.42
2017-08-12 08:02:03, 2.42, 0.3, 3.7, 6.42
2017-08-12 08:03:03, 2.42, 0.3, 3.7, 6.42
2017-08-12 08:04:03, 2.42, 0.3, 3.7, 6.42
2017-08-12 08:05:04, 2.42, 0.3, 3.7, 6.42
2017-08-12 08:06:03, 2.42, 0.3, 3.7, 6.42
2017-08-12 08:07:03, 2.42, 0.3, 3.7, 6.42
2017-08-12 08:08:03, 2.42, 0.3, 3.7, 6.42
2017-08-12 08:09:04, 2.42, 0.3, 3.7, 6.42
2017-08-12 08:10:03, 2.42, 0.3, 3.7, 6.42
2017-08-12 08:11:04, 2.43, 0.0, 3.6, 6.03
2017-08-12 08:12:03, 2.43, 0.0, 3.6, 6.03
2017-08-12 08:13:03, 2.43, 0.0, 3.6, 6.03
2017-08-12 08:14:03, 2.43, 0.0, 3.6, 6.03
2017-08-12 08:15:04, 2.43, 0.0, 3.6, 6.03
2017-08-12 08:16:03, 9.67, 0.0, 4.0, 13.67
2017-08-12 08:17:03, 9.67, 0.0, 4.0, 13.67
2017-08-12 08:18:04, 9.67, 0.0, 4.0, 13.67
2017-08-12 08:19:03, 9.67, 0.0, 4.0, 13.67
2017-08-12 08:20:03, 9.67, 0.0, 4.0, 13.67
2017-08-12 08:21:04, 9.72, 0.3, 4.0, 14.02
2017-08-12 08:22:03, 9.72, 0.3, 4.0, 14.02
2017-08-12 08:23:03, 9.72, 0.3, 4.0, 14.02
2017-08-12 08:24:03, 9.72, 0.3, 4.0, 14.02
2017-08-12 08:25:04, 9.72, 0.3, 4.0, 14.02
2017-08-12 08:26:04, 2.43, 0.3, 3.8, 6.53
2017-08-12 08:27:03, 2.43, 0.3, 3.8, 6.53
2017-08-12 08:28:03, 2.43, 0.3, 3.8, 6.53
2017-08-12 08:29:03, 2.43, 0.3, 3.8, 6.53
2017-08-12 08:30:04, 2.43, 0.3, 3.8, 6.53
2017-08-12 08:31:03, 2.43, 0.3, 3.4, 6.13
2017-08-12 08:32:03, 2.43, 0.3, 3.4, 6.13
2017-08-12 08:33:04, 2.43, 0.3, 3.4, 6.13
2017-08-12 08:34:03, 2.43, 0.3, 3.4, 6.13
2017-08-12 08:35:03, 2.43, 0.3, 3.4, 6.13
2017-08-12 08:36:03, 9.62, 0.3, 3.4, 13.32
2017-08-12 08:37:04, 9.62, 0.3, 3.4, 13.32
2017-08-12 08:38:03, 9.62, 0.3, 3.4, 13.32
2017-08-12 08:39:03, 9.62, 0.3, 3.4, 13.32
2017-08-12 08:40:04, 9.62, 0.3, 3.4, 13.32
2017-08-12 08:41:03, 9.73, 0.3, 3.9, 13.93
2017-08-12 08:42:03, 9.73, 0.3, 3.9, 13.93
2017-08-12 08:43:04, 9.73, 0.3, 3.9, 13.93
2017-08-12 08:44:04, 9.73, 0.3, 3.9, 13.93
2017-08-12 08:45:03, 9.73, 0.3, 3.9, 13.93
2017-08-12 08:46:04, 2.43, 0.3, 4.0, 6.73
2017-08-12 08:47:04, 2.43, 0.3, 4.0, 6.73
2017-08-12 08:48:04, 2.43, 0.3, 4.0, 6.73
2017-08-12 08:49:03, 2.43, 0.3, 4.0, 6.73
2017-08-12 08:50:04, 2.43, 0.3, 4.0, 6.73
2017-08-12 08:51:03, 2.42, 0.3, 3.3, 6.02
2017-08-12 08:52:03, 2.42, 0.3, 3.3, 6.02
2017-08-12 08:53:04, 2.42, 0.3, 3.3, 6.02
2017-08-12 08:54:04, 2.42, 0.3, 3.3, 6.02
2017-08-12 08:55:03, 2.42, 0.3, 3.3, 6.02
2017-08-12 08:56:03, 2.41, 0.0, 3.9, 6.31
2017-08-12 08:57:03, 2.41, 0.0, 3.9, 6.31
2017-08-12 08:58:03, 2.41, 0.0, 3.9, 6.31
2017-08-12 08:59:04, 2.41, 0.0, 3.9, 6.31
2017-08-12 09:00:04, 2.41, 0.0, 3.9, 6.31
2017-08-12 09:01:03, 9.69, 0.3, 4.0, 13.99
2017-08-12 09:02:04, 9.69, 0.3, 4.0, 13.99
2017-08-12 09:03:04, 9.69, 0.3, 4.0, 13.99
2017-08-12 09:04:03, 9.69, 0.3, 4.0, 13.99
2017-08-12 09:05:03, 9.69, 0.3, 4.0, 13.99
2017-08-12 09:06:03, 2.41, 0.3, 4.0, 6.71
2017-08-12 09:07:04, 2.41, 0.3, 4.0, 6.71
2017-08-12 09:08:04, 2.41, 0.3, 4.0, 6.71
2017-08-12 09:09:03, 2.41, 0.3, 4.0, 6.71
2017-08-12 09:10:03, 2.41, 0.3, 4.0, 6.71
2017-08-12 09:11:04, 2.41, 0.3, 3.5, 6.21
2017-08-12 09:12:03, 2.41, 0.3, 3.5, 6.21
2017-08-12 09:13:03, 2.41, 0.3, 3.5, 6.21
2017-08-12 09:14:03, 2.41, 0.3, 3.5, 6.21
2017-08-12 09:15:04, 2.41, 0.3, 3.5, 6.21
2017-08-12 09:16:04, 2.41, 0.3, 3.3, 6.01
2017-08-12 09:17:03, 2.41, 0.3, 3.3, 6.01
2017-08-12 09:18:06, 2.41, 0.3, 3.3, 6.01
2017-08-12 09:19:03, 2.41, 0.3, 3.3, 6.01
2017-08-12 09:20:03, 2.41, 0.3, 3.3, 6.01
2017-08-12 09:21:03, 9.59, 0.0, 3.3, 12.89
2017-08-12 09:22:03, 9.59, 0.0, 3.3, 12.89
2017-08-12 09:23:03, 9.59, 0.0, 3.3, 12.89
2017-08-12 09:24:04, 9.59, 0.0, 3.3, 12.89
2017-08-12 09:25:04, 9.59, 0.0, 3.3, 12.89
2017-08-12 09:26:03, 9.72, 0.3, 3.4, 13.42
2017-08-12 09:27:03, 9.72, 0.3, 3.4, 13.42
2017-08-12 09:28:03, 9.72, 0.3, 3.4, 13.42
2017-08-12 09:29:04, 9.72, 0.3, 3.4, 13.42
2017-08-12 09:30:04, 9.72, 0.3, 3.4, 13.42
2017-08-12 09:31:03, 2.46, 0.3, 3.9, 6.66
2017-08-12 09:32:04, 2.46, 0.3, 3.9, 6.66
2017-08-12 09:33:03, 2.46, 0.3, 3.9, 6.66
2017-08-12 09:34:03, 2.46, 0.3, 3.9, 6.66
2017-08-12 09:35:03, 2.46, 0.3, 3.9, 6.66
2017-08-12 09:36:03, 2.47, 0.3, 3.8, 6.57
2017-08-12 09:37:04, 2.47, 0.3, 3.8, 6.57
2017-08-12 09:38:03, 2.47, 0.3, 3.8, 6.57
2017-08-12 09:39:03, 2.47, 0.3, 3.8, 6.57
2017-08-12 09:40:04, 2.47, 0.3, 3.8, 6.57
2017-08-12 09:41:03, 9.61, 0.0, 4.0, 13.61
2017-08-12 09:42:03, 9.61, 0.0, 4.0, 13.61
2017-08-12 09:43:04, 9.61, 0.0, 4.0, 13.61
2017-08-12 09:44:04, 9.61, 0.0, 4.0, 13.61
2017-08-12 09:45:03, 9.61, 0.0, 4.0, 13.61
2017-08-12 09:46:03, 9.71, 0.3, 3.4, 13.41
2017-08-12 09:47:03, 9.71, 0.3, 3.4, 13.41
2017-08-12 09:48:04, 9.71, 0.3, 3.4, 13.41
2017-08-12 09:49:03, 9.71, 0.3, 3.4, 13.41
2017-08-12 09:50:03, 9.71, 0.3, 3.4, 13.41
2017-08-12 09:51:04, 2.48, 0.3, 4.0, 6.78
2017-08-12 09:52:03, 2.48, 0.3, 4.0, 6.78
2017-08-12 09:53:03, 2.48, 0.3, 4.0, 6.78
2017-08-12 09:54:04, 2.48, 0.3, 4.0, 6.78
2017-08-12 09:55:03, 2.48, 0.3, 4.0, 6.78
2017-08-12 09:56:03, 2.46, 0.3, 3.9, 6.66
2017-08-12 09:57:03, 2.46, 0.3, 3.9, 6.66
2017-08-12 09:58:04, 2.46, 0.3, 3.9, 6.66
2017-08-12 09:59:04, 2.46, 0.3, 3.9, 6.66
2017-08-12 10:00:05, 2.46, 0.3, 3.9, 6.66
2017-08-12 10:01:03, 9.54, 0.0, 3.9, 13.44
2017-08-12 10:02:03, 9.54, 0.0, 3.9, 13.44
2017-08-12 10:03:04, 9.54, 0.0, 3.9, 13.44
2017-08-12 10:04:03, 9.54, 0.0, 3.9, 13.44
2017-08-12 10:05:03, 9.54, 0.0, 3.9, 13.44
2017-08-12 10:06:03, 9.72, 0.3, 3.3, 13.32
2017-08-12 10:07:04, 9.72, 0.3, 3.3, 13.32
2017-08-12 10:08:03, 9.72, 0.3, 3.3, 13.32
2017-08-12 10:09:03, 9.72, 0.3, 3.3, 13.32
2017-08-12 10:10:03, 9.72, 0.3, 3.3, 13.32
2017-08-12 10:11:03, 2.44, 0.3, 3.9, 6.64
2017-08-12 10:12:03, 2.44, 0.3, 3.9, 6.64
2017-08-12 10:13:03, 2.44, 0.3, 3.9, 6.64
2017-08-12 10:14:03, 2.44, 0.3, 3.9, 6.64
2017-08-12 10:15:03, 2.44, 0.3, 3.9, 6.64
2017-08-12 10:16:03, 2.44, 0.3, 3.6, 6.34
2017-08-12 10:17:03, 2.44, 0.3, 3.6, 6.34
2017-08-12 10:18:03, 2.44, 0.3, 3.6, 6.34
2017-08-12 10:19:03, 2.44, 0.3, 3.6, 6.34
2017-08-12 10:20:04, 2.44, 0.3, 3.6, 6.34
2017-08-12 10:21:03, 2.42, 0.0, 3.9, 6.32
2017-08-12 10:22:03, 2.42, 0.0, 3.9, 6.32
2017-08-12 10:23:04, 2.42, 0.0, 3.9, 6.32
2017-08-12 10:24:04, 2.42, 0.0, 3.9, 6.32
2017-08-12 10:25:03, 2.42, 0.0, 3.9, 6.32
2017-08-12 10:26:03, 9.62, 0.3, 3.9, 13.82
2017-08-12 10:27:04, 9.62, 0.3, 3.9, 13.82
2017-08-12 10:28:04, 9.62, 0.3, 3.9, 13.82
2017-08-12 10:29:03, 9.62, 0.3, 3.9, 13.82
2017-08-12 10:30:03, 9.62, 0.3, 3.9, 13.82
2017-08-12 10:31:03, 2.44, 0.3, 3.3, 6.04
2017-08-12 10:32:03, 2.44, 0.3, 3.3, 6.04
2017-08-12 10:33:03, 2.44, 0.3, 3.3, 6.04
2017-08-12 10:34:04, 2.44, 0.3, 3.3, 6.04
2017-08-12 10:35:03, 2.44, 0.3, 3.3, 6.04
2017-08-12 10:36:03, 2.43, 0.3, 3.6, 6.33
2017-08-12 10:37:03, 2.43, 0.3, 3.6, 6.33
2017-08-12 10:38:03, 2.43, 0.3, 3.6, 6.33
2017-08-12 10:39:04, 2.43, 0.3, 3.6, 6.33
2017-08-12 10:40:03, 2.43, 0.3, 3.6, 6.33
2017-08-12 10:41:03, 2.43, 0.3, 3.8, 6.53
2017-08-12 10:42:03, 2.43, 0.3, 3.8, 6.53
2017-08-12 10:43:03, 2.43, 0.3, 3.8, 6.53
2017-08-12 10:44:04, 2.43, 0.3, 3.8, 6.53
2017-08-12 10:45:04, 2.43, 0.3, 3.8, 6.53
2017-08-12 10:46:04, 9.66, 0.0, 3.9, 13.56
2017-08-12 10:47:05, 9.66, 0.0, 3.9, 13.56
2017-08-12 10:48:04, 9.66, 0.0, 3.9, 13.56
2017-08-12 10:49:04, 9.66, 0.0, 3.9, 13.56
2017-08-12 10:50:03, 9.66, 0.0, 3.9, 13.56
2017-08-12 10:51:05, 9.78, 0.3, 3.8, 13.88
2017-08-12 10:52:03, 9.78, 0.3, 3.8, 13.88
2017-08-12 10:53:03, 9.78, 0.3, 3.8, 13.88
2017-08-12 10:54:03, 9.78, 0.3, 3.8, 13.88
2017-08-12 10:55:04, 9.78, 0.3, 3.8, 13.88
2017-08-12 10:56:06, 2.41, 0.3, 3.2, 5.91
2017-08-12 10:57:03, 2.41, 0.3, 3.2, 5.91
2017-08-12 10:58:03, 2.41, 0.3, 3.2, 5.91
2017-08-12 10:59:04, 2.41, 0.3, 3.2, 5.91
2017-08-12 11:00:05, 2.41, 0.3, 3.2, 5.91
2017-08-12 11:01:03, 2.42, 0.3, 4.0, 6.72
2017-08-12 11:02:03, 2.42, 0.3, 4.0, 6.72
2017-08-12 11:03:04, 2.42, 0.3, 4.0, 6.72
2017-08-12 11:04:04, 2.42, 0.3, 4.0, 6.72
2017-08-12 11:05:03, 2.42, 0.3, 4.0, 6.72
2017-08-12 11:06:03, 9.51, 0.3, 3.9, 13.71
2017-08-12 11:07:03, 9.51, 0.3, 3.9, 13.71
2017-08-12 11:08:03, 9.51, 0.3, 3.9, 13.71
2017-08-12 11:09:04, 9.51, 0.3, 3.9, 13.71
2017-08-12 11:10:03, 9.51, 0.3, 3.9, 13.71
2017-08-12 11:11:04, 9.55, 0.0, 3.9, 13.45
2017-08-12 11:12:03, 9.55, 0.0, 3.9, 13.45
2017-08-12 11:13:03, 9.55, 0.0, 3.9, 13.45
2017-08-12 11:14:05, 9.55, 0.0, 3.9, 13.45
2017-08-12 11:15:04, 9.55, 0.0, 3.9, 13.45
2017-08-12 11:16:03, 2.42, 0.3, 3.5, 6.22
2017-08-12 11:17:04, 2.42, 0.3, 3.5, 6.22
2017-08-12 11:18:04, 2.42, 0.3, 3.5, 6.22
2017-08-12 11:19:03, 2.42, 0.3, 3.5, 6.22
2017-08-12 11:20:03, 2.42, 0.3, 3.5, 6.22
2017-08-12 11:21:03, 2.44, 0.3, 3.9, 6.64
2017-08-12 11:22:03, 2.44, 0.3, 3.9, 6.64
2017-08-12 11:23:04, 2.44, 0.3, 3.9, 6.64
2017-08-12 11:24:04, 2.44, 0.3, 3.9, 6.64
2017-08-12 11:25:03, 2.44, 0.3, 3.9, 6.64
2017-08-12 11:26:03, 2.46, 0.3, 3.6, 6.36
2017-08-12 11:27:04, 2.46, 0.3, 3.6, 6.36
2017-08-12 11:28:04, 2.46, 0.3, 3.6, 6.36
2017-08-12 11:29:04, 2.46, 0.3, 3.6, 6.36
2017-08-12 11:30:03, 2.46, 0.3, 3.6, 6.36
2017-08-12 11:31:04, 9.76, 0.0, 3.9, 13.66
2017-08-12 11:32:03, 9.76, 0.0, 3.9, 13.66
2017-08-12 11:33:03, 9.76, 0.0, 3.9, 13.66
2017-08-12 11:34:03, 9.76, 0.0, 3.9, 13.66
2017-08-12 11:35:04, 9.76, 0.0, 3.9, 13.66
2017-08-12 11:36:04, 2.47, 0.3, 3.3, 6.07
2017-08-12 11:37:03, 2.47, 0.3, 3.3, 6.07
2017-08-12 11:38:03, 2.47, 0.3, 3.3, 6.07
2017-08-12 11:39:03, 2.47, 0.3, 3.3, 6.07
2017-08-12 11:40:04, 2.47, 0.3, 3.3, 6.07
2017-08-12 11:41:03, 2.42, 0.3, 4.0, 6.72
2017-08-12 11:42:04, 2.42, 0.3, 4.0, 6.72
2017-08-12 11:43:04, 2.42, 0.3, 4.0, 6.72
2017-08-12 11:44:03, 2.42, 0.3, 4.0, 6.72
2017-08-12 11:45:03, 2.42, 0.3, 4.0, 6.72
2017-08-12 11:46:03, 2.43, 0.3, 4.0, 6.73
2017-08-12 11:47:03, 2.43, 0.3, 4.0, 6.73
2017-08-12 11:48:03, 2.43, 0.3, 4.0, 6.73
2017-08-12 11:49:05, 2.43, 0.3, 4.0, 6.73
2017-08-12 11:50:03, 2.43, 0.3, 4.0, 6.73
2017-08-12 11:51:03, 9.76, 0.0, 3.9, 13.66
2017-08-12 11:52:03, 9.76, 0.0, 3.9, 13.66
2017-08-12 11:53:03, 9.76, 0.0, 3.9, 13.66
2017-08-12 11:54:03, 9.76, 0.0, 3.9, 13.66
2017-08-12 11:55:04, 9.76, 0.0, 3.9, 13.66
2017-08-12 11:56:03, 9.68, 0.0, 3.8, 13.48
2017-08-12 11:57:03, 9.68, 0.0, 3.8, 13.48
2017-08-12 11:58:04, 9.68, 0.0, 3.8, 13.48
2017-08-12 11:59:04, 9.68, 0.0, 3.8, 13.48
2017-08-12 12:00:05, 9.68, 0.0, 3.8, 13.48
2017-08-12 12:01:03, 2.47, 0.0, 3.5, 5.97
2017-08-12 12:02:03, 2.47, 0.0, 3.5, 5.97
2017-08-12 12:03:04, 2.47, 0.0, 3.5, 5.97
2017-08-12 12:04:03, 2.47, 0.0, 3.5, 5.97
2017-08-12 12:05:03, 2.47, 0.0, 3.5, 5.97
2017-08-12 12:06:03, 2.49, 0.3, 3.3, 6.09
2017-08-12 12:07:04, 2.49, 0.3, 3.3, 6.09
2017-08-12 12:08:04, 2.49, 0.3, 3.3, 6.09
2017-08-12 12:09:03, 2.49, 0.3, 3.3, 6.09
2017-08-12 12:10:03, 2.49, 0.3, 3.3, 6.09
2017-08-12 12:11:03, 9.4, 0.3, 3.9, 13.6
2017-08-12 12:12:03, 9.4, 0.3, 3.9, 13.6
2017-08-12 12:13:03, 9.4, 0.3, 3.9, 13.6
2017-08-12 12:14:03, 9.4, 0.3, 3.9, 13.6
2017-08-12 12:15:04, 9.4, 0.3, 3.9, 13.6
2017-08-12 12:16:03, 9.74, 0.3, 4.0, 14.04
2017-08-12 12:17:03, 9.74, 0.3, 4.0, 14.04
2017-08-12 12:18:04, 9.74, 0.3, 4.0, 14.04
2017-08-12 12:19:05, 9.74, 0.3, 4.0, 14.04
2017-08-12 12:20:03, 9.74, 0.3, 4.0, 14.04
2017-08-12 12:21:03, 2.51, 0.3, 4.0, 6.81
2017-08-12 12:22:03, 2.51, 0.3, 4.0, 6.81
2017-08-12 12:23:03, 2.51, 0.3, 4.0, 6.81
2017-08-12 12:24:05, 2.51, 0.3, 4.0, 6.81
2017-08-12 12:25:03, 2.51, 0.3, 4.0, 6.81
2017-08-12 12:26:04, 2.51, 0.3, 3.4, 6.21
2017-08-12 12:27:05, 2.51, 0.3, 3.4, 6.21
2017-08-12 12:28:04, 2.51, 0.3, 3.4, 6.21
2017-08-12 12:29:03, 2.51, 0.3, 3.4, 6.21
2017-08-12 12:30:03, 2.51, 0.3, 3.4, 6.21
2017-08-12 12:31:03, 2.46, 0.3, 3.4, 6.16
2017-08-12 12:32:03, 2.46, 0.3, 3.4, 6.16
2017-08-12 12:33:03, 2.46, 0.3, 3.4, 6.16
2017-08-12 12:34:04, 2.46, 0.3, 3.4, 6.16
2017-08-12 12:35:03, 2.46, 0.3, 3.4, 6.16
2017-08-12 12:36:03, 9.58, 0.0, 3.6, 13.18
2017-08-12 12:37:03, 9.58, 0.0, 3.6, 13.18
2017-08-12 12:38:03, 9.58, 0.0, 3.6, 13.18
2017-08-12 12:39:04, 9.58, 0.0, 3.6, 13.18
2017-08-12 12:40:03, 9.58, 0.0, 3.6, 13.18
2017-08-12 12:41:03, 9.6, 0.3, 4.0, 13.9
2017-08-12 12:42:03, 9.6, 0.3, 4.0, 13.9
2017-08-12 12:43:03, 9.6, 0.3, 4.0, 13.9
2017-08-12 12:44:03, 9.6, 0.3, 4.0, 13.9
2017-08-12 12:45:04, 9.6, 0.3, 4.0, 13.9
2017-08-12 12:46:03, 2.47, 0.3, 3.3, 6.07
2017-08-12 12:47:03, 2.47, 0.3, 3.3, 6.07
2017-08-12 12:48:03, 2.47, 0.3, 3.3, 6.07
2017-08-12 12:49:04, 2.47, 0.3, 3.3, 6.07
2017-08-12 12:50:04, 2.47, 0.3, 3.3, 6.07
2017-08-12 12:51:03, 2.46, 0.0, 4.0, 6.46
2017-08-12 12:52:03, 2.46, 0.0, 4.0, 6.46
2017-08-12 12:53:03, 2.46, 0.0, 4.0, 6.46
2017-08-12 12:54:03, 2.46, 0.0, 4.0, 6.46
2017-08-12 12:55:03, 2.46, 0.0, 4.0, 6.46
2017-08-12 12:56:05, 9.61, 0.0, 4.0, 13.61
2017-08-12 12:57:03, 9.61, 0.0, 4.0, 13.61
2017-08-12 12:58:03, 9.61, 0.0, 4.0, 13.61
2017-08-12 12:59:03, 9.61, 0.0, 4.0, 13.61
2017-08-12 13:00:05, 9.61, 0.0, 4.0, 13.61
2017-08-12 13:01:03, 9.62, 0.3, 4.0, 13.92
2017-08-12 13:02:04, 9.62, 0.3, 4.0, 13.92
2017-08-12 13:03:03, 9.62, 0.3, 4.0, 13.92
2017-08-12 13:04:04, 9.62, 0.3, 4.0, 13.92
2017-08-12 13:05:04, 9.62, 0.3, 4.0, 13.92
2017-08-12 13:06:03, 2.45, 0.3, 3.7, 6.45
2017-08-12 13:07:03, 2.45, 0.3, 3.7, 6.45
2017-08-12 13:08:03, 2.45, 0.3, 3.7, 6.45
2017-08-12 13:09:03, 2.45, 0.3, 3.7, 6.45
2017-08-12 13:10:04, 2.45, 0.3, 3.7, 6.45
2017-08-12 13:11:03, 2.46, 0.3, 3.3, 6.06
2017-08-12 13:12:04, 2.46, 0.3, 3.3, 6.06
2017-08-12 13:13:03, 2.46, 0.3, 3.3, 6.06
2017-08-12 13:14:03, 2.46, 0.3, 3.3, 6.06
2017-08-12 13:15:03, 2.46, 0.3, 3.3, 6.06
2017-08-12 13:16:03, 2.46, 0.0, 3.5, 5.96
2017-08-12 13:17:04, 2.46, 0.0, 3.5, 5.96
2017-08-12 13:18:04, 2.46, 0.0, 3.5, 5.96
2017-08-12 13:19:03, 2.46, 0.0, 3.5, 5.96
2017-08-12 13:20:04, 2.46, 0.0, 3.5, 5.96
2017-08-12 13:21:04, 9.58, 0.3, 3.8, 13.68
2017-08-12 13:22:04, 9.58, 0.3, 3.8, 13.68
2017-08-12 13:23:03, 9.58, 0.3, 3.8, 13.68
2017-08-12 13:24:05, 9.58, 0.3, 3.8, 13.68
2017-08-12 13:25:04, 9.58, 0.3, 3.8, 13.68
2017-08-12 13:26:04, 3.28, 0.3, 3.4, 6.98
2017-08-12 13:27:03, 3.28, 0.3, 3.4, 6.98
2017-08-12 13:28:03, 3.28, 0.3, 3.4, 6.98
2017-08-12 13:29:03, 3.28, 0.3, 3.4, 6.98
2017-08-12 13:30:04, 3.28, 0.3, 3.4, 6.98
2017-08-12 13:31:04, 2.46, 0.3, 3.5, 6.26
2017-08-12 13:32:05, 2.46, 0.3, 3.5, 6.26
2017-08-12 13:33:04, 2.46, 0.3, 3.5, 6.26
2017-08-12 13:34:03, 2.46, 0.3, 3.5, 6.26
2017-08-12 13:35:04, 2.46, 0.3, 3.5, 6.26
2017-08-12 13:36:04, 2.46, 0.0, 3.3, 5.76
2017-08-12 13:37:04, 2.46, 0.0, 3.3, 5.76
2017-08-12 13:38:03, 2.46, 0.0, 3.3, 5.76
2017-08-12 13:39:03, 2.46, 0.0, 3.3, 5.76
2017-08-12 13:40:04, 2.46, 0.0, 3.3, 5.76
2017-08-12 13:41:03, 9.55, 0.3, 4.0, 13.85
2017-08-12 13:42:03, 9.55, 0.3, 4.0, 13.85
2017-08-12 13:43:04, 9.55, 0.3, 4.0, 13.85
2017-08-12 13:44:03, 9.55, 0.3, 4.0, 13.85
2017-08-12 13:45:03, 9.55, 0.3, 4.0, 13.85
2017-08-12 13:46:03, 9.59, 0.3, 3.3, 13.19
2017-08-12 13:47:04, 9.59, 0.3, 3.3, 13.19
2017-08-12 13:48:04, 9.59, 0.3, 3.3, 13.19
2017-08-12 13:49:03, 9.59, 0.3, 3.3, 13.19
2017-08-12 13:50:03, 9.59, 0.3, 3.3, 13.19
2017-08-12 13:51:03, 2.43, 0.3, 4.0, 6.73
2017-08-12 13:52:03, 2.43, 0.3, 4.0, 6.73
2017-08-12 13:53:03, 2.43, 0.3, 4.0, 6.73
2017-08-12 13:54:04, 2.43, 0.3, 4.0, 6.73
2017-08-12 13:55:03, 2.43, 0.3, 4.0, 6.73
2017-08-12 13:56:04, 2.42, 0.3, 3.4, 6.12
2017-08-12 13:57:03, 2.42, 0.3, 3.4, 6.12
2017-08-12 13:58:03, 2.42, 0.3, 3.4, 6.12
2017-08-12 13:59:04, 2.42, 0.3, 3.4, 6.12
2017-08-12 14:00:05, 2.42, 0.3, 3.4, 6.12
2017-08-12 14:01:03, 9.43, 0.0, 3.3, 12.73
2017-08-12 14:02:03, 9.43, 0.0, 3.3, 12.73
2017-08-12 14:03:03, 9.43, 0.0, 3.3, 12.73
2017-08-12 14:04:04, 9.43, 0.0, 3.3, 12.73
2017-08-12 14:05:04, 9.43, 0.0, 3.3, 12.73
2017-08-12 14:06:03, 9.68, 0.3, 3.4, 13.38
2017-08-12 14:07:03, 9.68, 0.3, 3.4, 13.38
2017-08-12 14:08:04, 9.68, 0.3, 3.4, 13.38
2017-08-12 14:09:04, 9.68, 0.3, 3.4, 13.38
2017-08-12 14:10:04, 9.68, 0.3, 3.4, 13.38
2017-08-12 14:11:03, 2.42, 0.3, 4.0, 6.72
2017-08-12 14:12:04, 2.42, 0.3, 4.0, 6.72
2017-08-12 14:13:04, 2.42, 0.3, 4.0, 6.72
2017-08-12 14:14:03, 2.42, 0.3, 4.0, 6.72
2017-08-12 14:15:03, 2.42, 0.3, 4.0, 6.72
2017-08-12 14:16:03, 2.42, 0.3, 3.3, 6.02
2017-08-12 14:17:04, 2.42, 0.3, 3.3, 6.02
2017-08-12 14:18:03, 2.42, 0.3, 3.3, 6.02
2017-08-12 14:19:03, 2.42, 0.3, 3.3, 6.02
2017-08-12 14:20:04, 2.42, 0.3, 3.3, 6.02
2017-08-12 14:21:03, 2.44, 0.3, 3.7, 6.44
2017-08-12 14:22:04, 2.44, 0.3, 3.7, 6.44
2017-08-12 14:23:03, 2.44, 0.3, 3.7, 6.44
2017-08-12 14:24:03, 2.44, 0.3, 3.7, 6.44
2017-08-12 14:25:03, 2.44, 0.3, 3.7, 6.44
2017-08-12 14:26:03, 9.65, 0.0, 3.8, 13.45
2017-08-12 14:27:03, 9.65, 0.0, 3.8, 13.45
2017-08-12 14:28:03, 9.65, 0.0, 3.8, 13.45
2017-08-12 14:29:03, 9.65, 0.0, 3.8, 13.45
2017-08-12 14:30:03, 9.65, 0.0, 3.8, 13.45
2017-08-12 14:31:03, 9.76, 0.3, 4.0, 14.06
2017-08-12 14:32:04, 9.76, 0.3, 4.0, 14.06
2017-08-12 14:33:03, 9.76, 0.3, 4.0, 14.06
2017-08-12 14:34:04, 9.76, 0.3, 4.0, 14.06
2017-08-12 14:35:03, 9.76, 0.3, 4.0, 14.06
2017-08-12 14:36:03, 2.49, 0.3, 3.3, 6.09
2017-08-12 14:37:03, 2.49, 0.3, 3.3, 6.09
2017-08-12 14:38:03, 2.49, 0.3, 3.3, 6.09
2017-08-12 14:39:04, 2.49, 0.3, 3.3, 6.09
2017-08-12 14:40:03, 2.49, 0.3, 3.3, 6.09
2017-08-12 14:41:04, 2.5, 0.3, 3.4, 6.2
2017-08-12 14:42:04, 2.5, 0.3, 3.4, 6.2
2017-08-12 14:43:03, 2.5, 0.3, 3.4, 6.2
2017-08-12 14:44:03, 2.5, 0.3, 3.4, 6.2
2017-08-12 14:45:04, 2.5, 0.3, 3.4, 6.2
2017-08-12 14:46:03, 9.64, 0.0, 3.7, 13.34
2017-08-12 14:47:03, 9.64, 0.0, 3.7, 13.34
2017-08-12 14:48:03, 9.64, 0.0, 3.7, 13.34
2017-08-12 14:49:03, 9.64, 0.0, 3.7, 13.34
2017-08-12 14:50:04, 9.64, 0.0, 3.7, 13.34
2017-08-12 14:51:04, 9.76, 0.0, 3.9, 13.66
2017-08-12 14:52:03, 9.76, 0.0, 3.9, 13.66
2017-08-12 14:53:03, 9.76, 0.0, 3.9, 13.66
2017-08-12 14:54:03, 9.76, 0.0, 3.9, 13.66
2017-08-12 14:55:03, 9.76, 0.0, 3.9, 13.66
2017-08-12 14:56:04, 2.5, 0.0, 4.0, 6.5
2017-08-12 14:57:03, 2.5, 0.0, 4.0, 6.5
2017-08-12 14:58:03, 2.5, 0.0, 4.0, 6.5
2017-08-12 14:59:03, 2.5, 0.0, 4.0, 6.5
2017-08-12 15:00:05, 2.5, 0.0, 4.0, 6.5
2017-08-12 15:01:04, 2.5, 0.0, 4.0, 6.5
2017-08-12 15:02:03, 2.5, 0.0, 4.0, 6.5
2017-08-12 15:03:03, 2.5, 0.0, 4.0, 6.5
2017-08-12 15:04:03, 2.5, 0.0, 4.0, 6.5
2017-08-12 15:05:03, 2.5, 0.0, 4.0, 6.5
2017-08-12 15:06:04, 2.5, 0.3, 4.0, 6.8
2017-08-12 15:07:03, 2.5, 0.3, 4.0, 6.8
2017-08-12 15:08:03, 2.5, 0.3, 4.0, 6.8
2017-08-12 15:09:03, 2.5, 0.3, 4.0, 6.8
2017-08-12 15:10:04, 2.5, 0.3, 4.0, 6.8
2017-08-12 15:11:03, 9.7, 0.3, 3.9, 13.9
2017-08-12 15:12:04, 9.7, 0.3, 3.9, 13.9
2017-08-12 15:13:03, 9.7, 0.3, 3.9, 13.9
2017-08-12 15:14:03, 9.7, 0.3, 3.9, 13.9
2017-08-12 15:15:03, 9.7, 0.3, 3.9, 13.9
2017-08-12 15:16:03, 9.77, 0.3, 4.0, 14.07
2017-08-12 15:17:04, 9.77, 0.3, 4.0, 14.07
2017-08-12 15:18:03, 9.77, 0.3, 4.0, 14.07
2017-08-12 15:19:03, 9.77, 0.3, 4.0, 14.07
2017-08-12 15:20:04, 9.77, 0.3, 4.0, 14.07
2017-08-12 15:21:03, 2.51, 0.3, 3.3, 6.11
2017-08-12 15:22:06, 2.51, 0.3, 3.3, 6.11
2017-08-12 15:23:03, 2.51, 0.3, 3.3, 6.11
2017-08-12 15:24:03, 2.51, 0.3, 3.3, 6.11
2017-08-12 15:25:04, 2.51, 0.3, 3.3, 6.11
2017-08-12 15:26:03, 2.47, 0.3, 3.3, 6.07
2017-08-12 15:27:04, 2.47, 0.3, 3.3, 6.07
2017-08-12 15:28:03, 2.47, 0.3, 3.3, 6.07
2017-08-12 15:29:03, 2.47, 0.3, 3.3, 6.07
2017-08-12 15:30:04, 2.47, 0.3, 3.3, 6.07
2017-08-12 15:31:03, 9.61, 0.0, 4.0, 13.61
2017-08-12 15:32:03, 9.61, 0.0, 4.0, 13.61
2017-08-12 15:33:04, 9.61, 0.0, 4.0, 13.61
2017-08-12 15:34:05, 9.61, 0.0, 4.0, 13.61
2017-08-12 15:35:03, 9.61, 0.0, 4.0, 13.61
2017-08-12 15:36:03, 9.71, 0.3, 3.5, 13.51
2017-08-12 15:37:03, 9.71, 0.3, 3.5, 13.51
2017-08-12 15:38:04, 9.71, 0.3, 3.5, 13.51
2017-08-12 15:39:03, 9.71, 0.3, 3.5, 13.51
2017-08-12 15:40:03, 9.71, 0.3, 3.5, 13.51
2017-08-12 15:41:03, 2.44, 0.3, 4.0, 6.74
2017-08-12 15:42:03, 2.44, 0.3, 4.0, 6.74
2017-08-12 15:43:03, 2.44, 0.3, 4.0, 6.74
2017-08-12 15:44:04, 2.44, 0.3, 4.0, 6.74
2017-08-12 15:45:04, 2.44, 0.3, 4.0, 6.74
2017-08-12 15:46:03, 2.44, 0.3, 4.0, 6.74
2017-08-12 15:47:03, 2.44, 0.3, 4.0, 6.74
2017-08-12 15:48:03, 2.44, 0.3, 4.0, 6.74
2017-08-12 15:49:04, 2.44, 0.3, 4.0, 6.74
2017-08-12 15:50:03, 2.44, 0.3, 4.0, 6.74
2017-08-12 15:51:04, 9.58, 0.3, 3.7, 13.58
2017-08-12 15:52:03, 9.58, 0.3, 3.7, 13.58
2017-08-12 15:53:03, 9.58, 0.3, 3.7, 13.58
2017-08-12 15:54:03, 9.58, 0.3, 3.7, 13.58
2017-08-12 15:55:03, 9.58, 0.3, 3.7, 13.58
2017-08-12 15:56:05, 9.65, 0.0, 3.9, 13.55
2017-08-12 15:57:03, 9.65, 0.0, 3.9, 13.55
2017-08-12 15:58:03, 9.65, 0.0, 3.9, 13.55
2017-08-12 15:59:03, 9.65, 0.0, 3.9, 13.55
2017-08-12 16:00:05, 9.65, 0.0, 3.9, 13.55
2017-08-12 16:01:04, 2.44, 0.3, 3.9, 6.64
2017-08-12 16:02:04, 2.44, 0.3, 3.9, 6.64
2017-08-12 16:03:03, 2.44, 0.3, 3.9, 6.64
2017-08-12 16:04:03, 2.44, 0.3, 3.9, 6.64
2017-08-12 16:05:03, 2.44, 0.3, 3.9, 6.64
2017-08-12 16:06:04, 2.43, 0.3, 3.6, 6.33
2017-08-12 16:07:04, 2.43, 0.3, 3.6, 6.33
2017-08-12 16:08:03, 2.43, 0.3, 3.6, 6.33
2017-08-12 16:09:03, 2.43, 0.3, 3.6, 6.33
2017-08-12 16:10:04, 2.43, 0.3, 3.6, 6.33
2017-08-12 16:11:03, 2.44, 0.3, 4.0, 6.74
2017-08-12 16:12:03, 2.44, 0.3, 4.0, 6.74
2017-08-12 16:13:03, 2.44, 0.3, 4.0, 6.74
2017-08-12 16:14:04, 2.44, 0.3, 4.0, 6.74
2017-08-12 16:15:04, 2.44, 0.3, 4.0, 6.74
2017-08-12 16:16:05, 9.63, 0.3, 4.0, 13.93
2017-08-12 16:17:04, 9.63, 0.3, 4.0, 13.93
2017-08-12 16:18:03, 9.63, 0.3, 4.0, 13.93
2017-08-12 16:19:03, 9.63, 0.3, 4.0, 13.93
2017-08-12 16:20:04, 9.63, 0.3, 4.0, 13.93
2017-08-12 16:21:03, 2.44, 0.3, 3.4, 6.14
2017-08-12 16:22:03, 2.44, 0.3, 3.4, 6.14
2017-08-12 16:23:04, 2.44, 0.3, 3.4, 6.14
2017-08-12 16:24:04, 2.44, 0.3, 3.4, 6.14
2017-08-12 16:25:03, 2.44, 0.3, 3.4, 6.14
2017-08-12 16:26:03, 2.44, 0.3, 3.7, 6.44
2017-08-12 16:27:03, 2.44, 0.3, 3.7, 6.44
2017-08-12 16:28:04, 2.44, 0.3, 3.7, 6.44
2017-08-12 16:29:03, 2.44, 0.3, 3.7, 6.44
2017-08-12 16:30:04, 2.44, 0.3, 3.7, 6.44
2017-08-12 16:31:03, 2.43, 0.3, 4.0, 6.73
2017-08-12 16:32:03, 2.43, 0.3, 4.0, 6.73
2017-08-12 16:33:03, 2.43, 0.3, 4.0, 6.73
2017-08-12 16:34:04, 2.43, 0.3, 4.0, 6.73
2017-08-12 16:35:03, 2.43, 0.3, 4.0, 6.73
2017-08-12 16:36:03, 9.56, 0.3, 3.5, 13.36
2017-08-12 16:37:03, 9.56, 0.3, 3.5, 13.36
2017-08-12 16:38:04, 9.56, 0.3, 3.5, 13.36
2017-08-12 16:39:04, 9.56, 0.3, 3.5, 13.36
2017-08-12 16:40:03, 9.56, 0.3, 3.5, 13.36
2017-08-12 16:41:05, 0.0, 0.3, 3.3, 3.6
2017-08-12 16:42:03, 0.0, 0.3, 3.3, 3.6
2017-08-12 16:43:03, 0.0, 0.3, 3.3, 3.6
2017-08-12 16:44:03, 0.0, 0.3, 3.3, 3.6
2017-08-12 16:45:04, 0.0, 0.3, 3.3, 3.6
2017-08-12 16:46:03, 2.43, 0.3, 3.7, 6.43
2017-08-12 16:47:03, 2.43, 0.3, 3.7, 6.43
2017-08-12 16:48:03, 2.43, 0.3, 3.7, 6.43
2017-08-12 16:49:03, 2.43, 0.3, 3.7, 6.43
2017-08-12 16:50:04, 2.43, 0.3, 3.7, 6.43
2017-08-12 16:51:04, 2.42, 0.3, 3.4, 6.12
2017-08-12 16:52:04, 2.42, 0.3, 3.4, 6.12
2017-08-12 16:53:03, 2.42, 0.3, 3.4, 6.12
2017-08-12 16:54:03, 2.42, 0.3, 3.4, 6.12
2017-08-12 16:55:04, 2.42, 0.3, 3.4, 6.12
2017-08-12 16:56:04, 9.58, 0.3, 3.3, 13.18
2017-08-12 16:57:03, 9.58, 0.3, 3.3, 13.18
2017-08-12 16:58:03, 9.58, 0.3, 3.3, 13.18
2017-08-12 16:59:04, 9.58, 0.3, 3.3, 13.18
2017-08-12 17:00:07, 9.58, 0.3, 3.3, 13.18
2017-08-12 17:01:03, 9.63, 0.3, 4.0, 13.93
2017-08-12 17:02:03, 9.63, 0.3, 4.0, 13.93
2017-08-12 17:03:03, 9.63, 0.3, 4.0, 13.93
2017-08-12 17:04:04, 9.63, 0.3, 4.0, 13.93
2017-08-12 17:05:03, 9.63, 0.3, 4.0, 13.93
2017-08-12 17:06:03, 2.47, 0.3, 3.8, 6.57
2017-08-12 17:07:03, 2.47, 0.3, 3.8, 6.57
2017-08-12 17:08:03, 2.47, 0.3, 3.8, 6.57
2017-08-12 17:09:03, 2.47, 0.3, 3.8, 6.57
2017-08-12 17:10:03, 2.47, 0.3, 3.8, 6.57
2017-08-12 17:11:04, 2.46, 0.3, 3.8, 6.56
2017-08-12 17:12:03, 2.46, 0.3, 3.8, 6.56
2017-08-12 17:13:04, 2.46, 0.3, 3.8, 6.56
2017-08-12 17:14:03, 2.46, 0.3, 3.8, 6.56
2017-08-12 17:15:03, 2.46, 0.3, 3.8, 6.56
2017-08-12 17:16:04, 2.47, 0.3, 3.8, 6.57
2017-08-12 17:17:03, 2.47, 0.3, 3.8, 6.57
2017-08-12 17:18:04, 2.47, 0.3, 3.8, 6.57
2017-08-12 17:19:03, 2.47, 0.3, 3.8, 6.57
2017-08-12 17:20:03, 2.47, 0.3, 3.8, 6.57
2017-08-12 17:21:03, 9.56, 0.0, 4.0, 13.56
2017-08-12 17:22:04, 9.56, 0.0, 4.0, 13.56
2017-08-12 17:23:03, 9.56, 0.0, 4.0, 13.56
2017-08-12 17:24:04, 9.56, 0.0, 4.0, 13.56
2017-08-12 17:25:04, 9.56, 0.0, 4.0, 13.56
2017-08-12 17:26:03, 9.66, 0.3, 4.0, 13.96
2017-08-12 17:27:03, 9.66, 0.3, 4.0, 13.96
2017-08-12 17:28:03, 9.66, 0.3, 4.0, 13.96
2017-08-12 17:29:04, 9.66, 0.3, 4.0, 13.96
2017-08-12 17:30:03, 9.66, 0.3, 4.0, 13.96
2017-08-12 17:31:03, 2.47, 0.3, 3.5, 6.27
2017-08-12 17:32:03, 2.47, 0.3, 3.5, 6.27
2017-08-12 17:33:03, 2.47, 0.3, 3.5, 6.27
2017-08-12 17:34:03, 2.47, 0.3, 3.5, 6.27
2017-08-12 17:35:04, 2.47, 0.3, 3.5, 6.27
2017-08-12 17:36:03, 2.45, 0.3, 3.8, 6.55
2017-08-12 17:37:03, 2.45, 0.3, 3.8, 6.55
2017-08-12 17:38:03, 2.45, 0.3, 3.8, 6.55
2017-08-12 17:39:03, 2.45, 0.3, 3.8, 6.55
2017-08-12 17:40:04, 2.45, 0.3, 3.8, 6.55
2017-08-12 17:41:03, 9.4, 0.0, 4.0, 13.4
2017-08-12 17:42:04, 9.4, 0.0, 4.0, 13.4
2017-08-12 17:43:03, 9.4, 0.0, 4.0, 13.4
2017-08-12 17:44:03, 9.4, 0.0, 4.0, 13.4
2017-08-12 17:45:03, 9.4, 0.0, 4.0, 13.4
2017-08-12 17:46:04, 9.79, 0.3, 4.0, 14.09
2017-08-12 17:47:04, 9.79, 0.3, 4.0, 14.09
2017-08-12 17:48:03, 9.79, 0.3, 4.0, 14.09
2017-08-12 17:49:03, 9.79, 0.3, 4.0, 14.09
2017-08-12 17:50:04, 9.79, 0.3, 4.0, 14.09
2017-08-12 17:51:03, 2.46, 0.3, 3.3, 6.06
2017-08-12 17:52:03, 2.46, 0.3, 3.3, 6.06
2017-08-12 17:53:04, 2.46, 0.3, 3.3, 6.06
2017-08-12 17:54:04, 2.46, 0.3, 3.3, 6.06
2017-08-12 17:55:03, 2.46, 0.3, 3.3, 6.06
2017-08-12 17:56:03, 2.46, 0.3, 3.3, 6.06
2017-08-12 17:57:04, 2.46, 0.3, 3.3, 6.06
2017-08-12 17:58:03, 2.46, 0.3, 3.3, 6.06
2017-08-12 17:59:04, 2.46, 0.3, 3.3, 6.06
2017-08-12 18:00:06, 2.46, 0.3, 3.3, 6.06
2017-08-12 18:01:03, 2.47, 0.0, 3.9, 6.37
2017-08-12 18:02:04, 2.47, 0.0, 3.9, 6.37
2017-08-12 18:03:03, 2.47, 0.0, 3.9, 6.37
2017-08-12 18:04:03, 2.47, 0.0, 3.9, 6.37
2017-08-12 18:05:03, 2.47, 0.0, 3.9, 6.37
2017-08-12 18:06:03, 9.68, 0.3, 4.0, 13.98
2017-08-12 18:07:04, 9.68, 0.3, 4.0, 13.98
2017-08-12 18:08:03, 9.68, 0.3, 4.0, 13.98
2017-08-12 18:09:03, 9.68, 0.3, 4.0, 13.98
2017-08-12 18:10:04, 9.68, 0.3, 4.0, 13.98
2017-08-12 18:11:03, 2.47, 0.3, 4.0, 6.77
2017-08-12 18:12:03, 2.47, 0.3, 4.0, 6.77
2017-08-12 18:13:04, 2.47, 0.3, 4.0, 6.77
2017-08-12 18:14:04, 2.47, 0.3, 4.0, 6.77
2017-08-12 18:15:04, 2.47, 0.3, 4.0, 6.77
2017-08-12 18:16:05, 2.47, 0.3, 3.3, 6.07
2017-08-12 18:17:04, 2.47, 0.3, 3.3, 6.07
2017-08-12 18:18:03, 2.47, 0.3, 3.3, 6.07
2017-08-12 18:19:05, 2.47, 0.3, 3.3, 6.07
2017-08-12 18:20:04, 2.47, 0.3, 3.3, 6.07
2017-08-12 18:21:03, 2.46, 0.3, 3.8, 6.56
2017-08-12 18:22:03, 2.46, 0.3, 3.8, 6.56
2017-08-12 18:23:04, 2.46, 0.3, 3.8, 6.56
2017-08-12 18:24:05, 2.46, 0.3, 3.8, 6.56
2017-08-12 18:25:03, 2.46, 0.3, 3.8, 6.56
2017-08-12 18:26:04, 9.52, 0.0, 3.5, 13.02
2017-08-12 18:27:04, 9.52, 0.0, 3.5, 13.02
2017-08-12 18:28:03, 9.52, 0.0, 3.5, 13.02
2017-08-12 18:29:03, 9.52, 0.0, 3.5, 13.02
2017-08-12 18:30:05, 9.52, 0.0, 3.5, 13.02
2017-08-12 18:31:04, 9.82, 0.3, 3.3, 13.42
2017-08-12 18:32:04, 9.82, 0.3, 3.3, 13.42
2017-08-12 18:33:04, 9.82, 0.3, 3.3, 13.42
2017-08-12 18:34:03, 9.82, 0.3, 3.3, 13.42
2017-08-12 18:35:03, 9.82, 0.3, 3.3, 13.42
2017-08-12 18:36:03, 2.46, 0.3, 3.3, 6.06
2017-08-12 18:37:04, 2.46, 0.3, 3.3, 6.06
2017-08-12 18:38:04, 2.46, 0.3, 3.3, 6.06
2017-08-12 18:39:03, 2.46, 0.3, 3.3, 6.06
2017-08-12 18:40:03, 2.46, 0.3, 3.3, 6.06
2017-08-12 18:41:03, 2.46, 0.3, 3.3, 6.06
2017-08-12 18:42:04, 2.46, 0.3, 3.3, 6.06
2017-08-12 18:43:03, 2.46, 0.3, 3.3, 6.06
2017-08-12 18:44:04, 2.46, 0.3, 3.3, 6.06
2017-08-12 18:45:03, 2.46, 0.3, 3.3, 6.06
2017-08-12 18:46:03, 9.5, 0.0, 3.6, 13.1
2017-08-12 18:47:03, 9.5, 0.0, 3.6, 13.1
2017-08-12 18:48:04, 9.5, 0.0, 3.6, 13.1
2017-08-12 18:49:04, 9.5, 0.0, 3.6, 13.1
2017-08-12 18:50:03, 9.5, 0.0, 3.6, 13.1
2017-08-12 18:51:03, 9.58, 0.3, 3.9, 13.78
2017-08-12 18:52:03, 9.58, 0.3, 3.9, 13.78
2017-08-12 18:53:03, 9.58, 0.3, 3.9, 13.78
2017-08-12 18:54:04, 9.58, 0.3, 3.9, 13.78
2017-08-12 18:55:05, 9.58, 0.3, 3.9, 13.78
2017-08-12 18:56:04, 2.45, 0.3, 4.0, 6.75
2017-08-12 18:57:03, 2.45, 0.3, 4.0, 6.75
2017-08-12 18:58:03, 2.45, 0.3, 4.0, 6.75
2017-08-12 18:59:04, 2.45, 0.3, 4.0, 6.75
2017-08-12 19:00:06, 2.45, 0.3, 4.0, 6.75
2017-08-12 19:01:03, 2.42, 0.3, 3.9, 6.62
2017-08-12 19:02:04, 2.42, 0.3, 3.9, 6.62
2017-08-12 19:03:04, 2.42, 0.3, 3.9, 6.62
2017-08-12 19:04:03, 2.42, 0.3, 3.9, 6.62
2017-08-12 19:05:03, 2.42, 0.3, 3.9, 6.62
2017-08-12 19:06:04, 2.42, 0.0, 3.4, 5.82
2017-08-12 19:07:04, 2.42, 0.0, 3.4, 5.82
2017-08-12 19:08:03, 2.42, 0.0, 3.4, 5.82
2017-08-12 19:09:03, 2.42, 0.0, 3.4, 5.82
2017-08-12 19:10:04, 2.42, 0.0, 3.4, 5.82
2017-08-12 19:11:04, 9.53, 0.3, 3.8, 13.63
2017-08-12 19:12:04, 9.53, 0.3, 3.8, 13.63
2017-08-12 19:13:04, 9.53, 0.3, 3.8, 13.63
2017-08-12 19:14:03, 9.53, 0.3, 3.8, 13.63
2017-08-12 19:15:03, 9.53, 0.3, 3.8, 13.63
2017-08-12 19:16:03, 9.63, 0.0, 3.7, 13.33
2017-08-12 19:17:05, 9.63, 0.0, 3.7, 13.33
2017-08-12 19:18:03, 9.63, 0.0, 3.7, 13.33
2017-08-12 19:19:03, 9.63, 0.0, 3.7, 13.33
2017-08-12 19:20:04, 9.63, 0.0, 3.7, 13.33
2017-08-12 19:21:05, 2.46, 0.0, 4.0, 6.46
2017-08-12 19:22:03, 2.46, 0.0, 4.0, 6.46
2017-08-12 19:23:03, 2.46, 0.0, 4.0, 6.46
2017-08-12 19:24:03, 2.46, 0.0, 4.0, 6.46
2017-08-12 19:25:04, 2.46, 0.0, 4.0, 6.46
2017-08-12 19:26:05, 2.46, 0.0, 3.3, 5.76
2017-08-12 19:27:03, 2.46, 0.0, 3.3, 5.76
2017-08-12 19:28:03, 2.46, 0.0, 3.3, 5.76
2017-08-12 19:29:03, 2.46, 0.0, 3.3, 5.76
2017-08-12 19:30:04, 2.46, 0.0, 3.3, 5.76
2017-08-12 19:31:03, 9.55, 0.3, 3.4, 13.25
2017-08-12 19:32:04, 9.55, 0.3, 3.4, 13.25
2017-08-12 19:33:03, 9.55, 0.3, 3.4, 13.25
2017-08-12 19:34:05, 9.55, 0.3, 3.4, 13.25
2017-08-12 19:35:03, 9.55, 0.3, 3.4, 13.25
2017-08-12 19:36:03, 9.59, 0.0, 3.6, 13.19
2017-08-12 19:37:04, 9.59, 0.0, 3.6, 13.19
2017-08-12 19:38:03, 9.59, 0.0, 3.6, 13.19
2017-08-12 19:39:03, 9.59, 0.0, 3.6, 13.19
2017-08-12 19:40:03, 9.59, 0.0, 3.6, 13.19
2017-08-12 19:41:05, 2.48, 0.0, 3.3, 5.78
2017-08-12 19:42:03, 2.48, 0.0, 3.3, 5.78
2017-08-12 19:43:04, 2.48, 0.0, 3.3, 5.78
2017-08-12 19:44:04, 2.48, 0.0, 3.3, 5.78
2017-08-12 19:45:03, 2.48, 0.0, 3.3, 5.78
2017-08-12 19:46:03, 2.48, 0.0, 3.4, 5.88
2017-08-12 19:47:03, 2.48, 0.0, 3.4, 5.88
2017-08-12 19:48:04, 2.48, 0.0, 3.4, 5.88
2017-08-12 19:49:04, 2.48, 0.0, 3.4, 5.88
2017-08-12 19:50:03, 2.48, 0.0, 3.4, 5.88
2017-08-12 19:51:03, 9.55, 0.0, 3.5, 13.05
2017-08-12 19:52:03, 9.55, 0.0, 3.5, 13.05
2017-08-12 19:53:03, 9.55, 0.0, 3.5, 13.05
2017-08-12 19:54:04, 9.55, 0.0, 3.5, 13.05
2017-08-12 19:55:04, 9.55, 0.0, 3.5, 13.05
2017-08-12 19:56:03, 9.64, 0.3, 3.8, 13.74
2017-08-12 19:57:03, 9.64, 0.3, 3.8, 13.74
2017-08-12 19:58:03, 9.64, 0.3, 3.8, 13.74
2017-08-12 19:59:04, 9.64, 0.3, 3.8, 13.74
2017-08-12 20:00:05, 9.64, 0.3, 3.8, 13.74
2017-08-12 20:01:03, 2.47, 0.3, 3.9, 6.67
2017-08-12 20:02:04, 2.47, 0.3, 3.9, 6.67
2017-08-12 20:03:04, 2.47, 0.3, 3.9, 6.67
2017-08-12 20:04:04, 2.47, 0.3, 3.9, 6.67
2017-08-12 20:05:03, 2.47, 0.3, 3.9, 6.67
2017-08-12 20:06:03, 2.44, 0.3, 4.0, 6.74
2017-08-12 20:07:03, 2.44, 0.3, 4.0, 6.74
2017-08-12 20:08:03, 2.44, 0.3, 4.0, 6.74
2017-08-12 20:09:04, 2.44, 0.3, 4.0, 6.74
2017-08-12 20:10:03, 2.44, 0.3, 4.0, 6.74
2017-08-12 20:11:03, 2.43, 0.0, 3.5, 5.93
2017-08-12 20:12:03, 2.43, 0.0, 3.5, 5.93
2017-08-12 20:13:03, 2.43, 0.0, 3.5, 5.93
2017-08-12 20:14:04, 2.43, 0.0, 3.5, 5.93
2017-08-12 20:15:04, 2.43, 0.0, 3.5, 5.93
2017-08-12 20:16:03, 9.7, 0.0, 3.6, 13.3
2017-08-12 20:17:04, 9.7, 0.0, 3.6, 13.3
2017-08-12 20:18:04, 9.7, 0.0, 3.6, 13.3
2017-08-12 20:19:03, 9.7, 0.0, 3.6, 13.3
2017-08-12 20:20:04, 9.7, 0.0, 3.6, 13.3
2017-08-12 20:21:03, 2.43, 0.3, 3.5, 6.23
2017-08-12 20:22:03, 2.43, 0.3, 3.5, 6.23
2017-08-12 20:23:03, 2.43, 0.3, 3.5, 6.23
2017-08-12 20:24:04, 2.43, 0.3, 3.5, 6.23
2017-08-12 20:25:04, 2.43, 0.3, 3.5, 6.23
2017-08-12 20:26:03, 2.42, 0.3, 3.3, 6.02
2017-08-12 20:27:03, 2.42, 0.3, 3.3, 6.02
2017-08-12 20:28:04, 2.42, 0.3, 3.3, 6.02
2017-08-12 20:29:03, 2.42, 0.3, 3.3, 6.02
2017-08-12 20:30:03, 2.42, 0.3, 3.3, 6.02
2017-08-12 20:31:03, 2.44, 0.0, 3.4, 5.84
2017-08-12 20:32:03, 2.44, 0.0, 3.4, 5.84
2017-08-12 20:33:03, 2.44, 0.0, 3.4, 5.84
2017-08-12 20:34:03, 2.44, 0.0, 3.4, 5.84
2017-08-12 20:35:04, 2.44, 0.0, 3.4, 5.84
2017-08-12 20:36:03, 9.64, 0.0, 3.9, 13.54
2017-08-12 20:37:03, 9.64, 0.0, 3.9, 13.54
2017-08-12 20:38:03, 9.64, 0.0, 3.9, 13.54
2017-08-12 20:39:04, 9.64, 0.0, 3.9, 13.54
2017-08-12 20:40:04, 9.64, 0.0, 3.9, 13.54
2017-08-12 20:41:04, 9.75, 0.3, 3.9, 13.95
2017-08-12 20:42:03, 9.75, 0.3, 3.9, 13.95
2017-08-12 20:43:03, 9.75, 0.3, 3.9, 13.95
2017-08-12 20:44:04, 9.75, 0.3, 3.9, 13.95
2017-08-12 20:45:04, 9.75, 0.3, 3.9, 13.95
2017-08-12 20:46:04, 2.43, 0.3, 3.7, 6.43
2017-08-12 20:47:03, 2.43, 0.3, 3.7, 6.43
2017-08-12 20:48:03, 2.43, 0.3, 3.7, 6.43
2017-08-12 20:49:03, 2.43, 0.3, 3.7, 6.43
2017-08-12 20:50:05, 2.43, 0.3, 3.7, 6.43
2017-08-12 20:51:04, 2.44, 0.3, 3.7, 6.44
2017-08-12 20:52:04, 2.44, 0.3, 3.7, 6.44
2017-08-12 20:53:03, 2.44, 0.3, 3.7, 6.44
2017-08-12 20:54:03, 2.44, 0.3, 3.7, 6.44
2017-08-12 20:55:03, 2.44, 0.3, 3.7, 6.44
2017-08-12 20:56:03, 9.42, 0.0, 3.3, 12.72
2017-08-12 20:57:04, 9.42, 0.0, 3.3, 12.72
2017-08-12 20:58:03, 9.42, 0.0, 3.3, 12.72
2017-08-12 20:59:03, 9.42, 0.0, 3.3, 12.72
2017-08-12 21:00:06, 9.42, 0.0, 3.3, 12.72
2017-08-12 21:01:03, 9.78, 0.3, 3.3, 13.38
2017-08-12 21:02:04, 9.78, 0.3, 3.3, 13.38
2017-08-12 21:03:03, 9.78, 0.3, 3.3, 13.38
2017-08-12 21:04:03, 9.78, 0.3, 3.3, 13.38
2017-08-12 21:05:03, 9.78, 0.3, 3.3, 13.38
2017-08-12 21:06:03, 2.42, 0.3, 3.3, 6.02
2017-08-12 21:07:04, 2.42, 0.3, 3.3, 6.02
2017-08-12 21:08:03, 2.42, 0.3, 3.3, 6.02
2017-08-12 21:09:03, 2.42, 0.3, 3.3, 6.02
2017-08-12 21:10:04, 2.42, 0.3, 3.3, 6.02
2017-08-12 21:11:03, 2.42, 0.3, 3.4, 6.12
2017-08-12 21:12:03, 2.42, 0.3, 3.4, 6.12
2017-08-12 21:13:04, 2.42, 0.3, 3.4, 6.12
2017-08-12 21:14:04, 2.42, 0.3, 3.4, 6.12
2017-08-12 21:15:03, 2.42, 0.3, 3.4, 6.12
2017-08-12 21:16:04, 2.42, 0.0, 3.9, 6.32
2017-08-12 21:17:03, 2.42, 0.0, 3.9, 6.32
2017-08-12 21:18:03, 2.42, 0.0, 3.9, 6.32
2017-08-12 21:19:03, 2.42, 0.0, 3.9, 6.32
2017-08-12 21:20:04, 2.42, 0.0, 3.9, 6.32
2017-08-12 21:21:03, 9.68, 0.0, 3.3, 12.98
2017-08-12 21:22:04, 9.68, 0.0, 3.3, 12.98
2017-08-12 21:23:04, 9.68, 0.0, 3.3, 12.98
2017-08-12 21:24:03, 9.68, 0.0, 3.3, 12.98
2017-08-12 21:25:03, 9.68, 0.0, 3.3, 12.98
2017-08-12 21:26:03, 9.75, 0.3, 3.9, 13.95
2017-08-12 21:27:03, 9.75, 0.3, 3.9, 13.95
2017-08-12 21:28:04, 9.75, 0.3, 3.9, 13.95
2017-08-12 21:29:03, 9.75, 0.3, 3.9, 13.95
2017-08-12 21:30:04, 9.75, 0.3, 3.9, 13.95
2017-08-12 21:31:03, 2.42, 0.3, 3.6, 6.32
2017-08-12 21:32:03, 2.42, 0.3, 3.6, 6.32
2017-08-12 21:33:03, 2.42, 0.3, 3.6, 6.32
2017-08-12 21:34:04, 2.42, 0.3, 3.6, 6.32
2017-08-12 21:35:04, 2.42, 0.3, 3.6, 6.32
2017-08-12 21:36:03, 2.42, 0.3, 3.9, 6.62
2017-08-12 21:37:03, 2.42, 0.3, 3.9, 6.62
2017-08-12 21:38:04, 2.42, 0.3, 3.9, 6.62
2017-08-12 21:39:04, 2.42, 0.3, 3.9, 6.62
2017-08-12 21:40:03, 2.42, 0.3, 3.9, 6.62
2017-08-12 21:41:04, 9.67, 0.0, 3.3, 12.97
2017-08-12 21:42:03, 9.67, 0.0, 3.3, 12.97
2017-08-12 21:43:03, 9.67, 0.0, 3.3, 12.97
2017-08-12 21:44:03, 9.67, 0.0, 3.3, 12.97
2017-08-12 21:45:03, 9.67, 0.0, 3.3, 12.97
2017-08-12 21:46:04, 9.55, 0.3, 3.7, 13.55
2017-08-12 21:47:03, 9.55, 0.3, 3.7, 13.55
2017-08-12 21:48:03, 9.55, 0.3, 3.7, 13.55
2017-08-12 21:49:04, 9.55, 0.3, 3.7, 13.55
2017-08-12 21:50:04, 9.55, 0.3, 3.7, 13.55
2017-08-12 21:51:04, 2.42, 0.3, 3.5, 6.22
2017-08-12 21:52:04, 2.42, 0.3, 3.5, 6.22
2017-08-12 21:53:04, 2.42, 0.3, 3.5, 6.22
2017-08-12 21:54:03, 2.42, 0.3, 3.5, 6.22
2017-08-12 21:55:04, 2.42, 0.3, 3.5, 6.22
2017-08-12 21:56:04, 2.42, 0.3, 3.9, 6.62
2017-08-12 21:57:03, 2.42, 0.3, 3.9, 6.62
2017-08-12 21:58:03, 2.42, 0.3, 3.9, 6.62
2017-08-12 21:59:03, 2.42, 0.3, 3.9, 6.62
2017-08-12 22:00:06, 2.42, 0.3, 3.9, 6.62
2017-08-12 22:01:04, 9.42, 0.3, 4.0, 13.72
2017-08-12 22:02:04, 9.42, 0.3, 4.0, 13.72
2017-08-12 22:03:03, 9.42, 0.3, 4.0, 13.72
2017-08-12 22:04:03, 9.42, 0.3, 4.0, 13.72
2017-08-12 22:05:04, 9.42, 0.3, 4.0, 13.72
2017-08-12 22:06:03, 9.77, 0.0, 4.0, 13.77
2017-08-12 22:07:03, 9.77, 0.0, 4.0, 13.77
2017-08-12 22:08:03, 9.77, 0.0, 4.0, 13.77
2017-08-12 22:09:04, 9.77, 0.0, 4.0, 13.77
2017-08-12 22:10:04, 9.77, 0.0, 4.0, 13.77
2017-08-12 22:11:04, 2.46, 0.0, 3.8, 6.26
2017-08-12 22:12:04, 2.46, 0.0, 3.8, 6.26
2017-08-12 22:13:03, 2.46, 0.0, 3.8, 6.26
2017-08-12 22:14:03, 2.46, 0.0, 3.8, 6.26
2017-08-12 22:15:04, 2.46, 0.0, 3.8, 6.26
2017-08-12 22:16:04, 2.47, 0.0, 3.5, 5.97
2017-08-12 22:17:03, 2.47, 0.0, 3.5, 5.97
2017-08-12 22:18:03, 2.47, 0.0, 3.5, 5.97
2017-08-12 22:19:04, 2.47, 0.0, 3.5, 5.97
2017-08-12 22:20:04, 2.47, 0.0, 3.5, 5.97
2017-08-12 22:21:03, 2.47, 0.0, 4.0, 6.47
2017-08-12 22:22:04, 2.47, 0.0, 4.0, 6.47
2017-08-12 22:23:03, 2.47, 0.0, 4.0, 6.47
2017-08-12 22:24:03, 2.47, 0.0, 4.0, 6.47
2017-08-12 22:25:03, 2.47, 0.0, 4.0, 6.47
2017-08-12 22:26:04, 9.75, 0.3, 3.4, 13.45
2017-08-12 22:27:03, 9.75, 0.3, 3.4, 13.45
2017-08-12 22:28:03, 9.75, 0.3, 3.4, 13.45
2017-08-12 22:29:03, 9.75, 0.3, 3.4, 13.45
2017-08-12 22:30:04, 9.75, 0.3, 3.4, 13.45
2017-08-12 22:31:03, 9.6, 0.3, 3.3, 13.2
2017-08-12 22:32:03, 9.6, 0.3, 3.3, 13.2
2017-08-12 22:33:04, 9.6, 0.3, 3.3, 13.2
2017-08-12 22:34:04, 9.6, 0.3, 3.3, 13.2
2017-08-12 22:35:03, 9.6, 0.3, 3.3, 13.2
2017-08-12 22:36:03, 2.48, 0.3, 3.9, 6.68
2017-08-12 22:37:04, 2.48, 0.3, 3.9, 6.68
2017-08-12 22:38:04, 2.48, 0.3, 3.9, 6.68
2017-08-12 22:39:03, 2.48, 0.3, 3.9, 6.68
2017-08-12 22:40:03, 2.48, 0.3, 3.9, 6.68
2017-08-12 22:41:04, 2.44, 0.3, 4.0, 6.74
2017-08-12 22:42:03, 2.44, 0.3, 4.0, 6.74
2017-08-12 22:43:03, 2.44, 0.3, 4.0, 6.74
2017-08-12 22:44:03, 2.44, 0.3, 4.0, 6.74
2017-08-12 22:45:04, 2.44, 0.3, 4.0, 6.74
2017-08-12 22:46:04, 9.53, 0.0, 4.0, 13.53
2017-08-12 22:47:03, 9.53, 0.0, 4.0, 13.53
2017-08-12 22:48:03, 9.53, 0.0, 4.0, 13.53
2017-08-12 22:49:04, 9.53, 0.0, 4.0, 13.53
2017-08-12 22:50:04, 9.53, 0.0, 4.0, 13.53
2017-08-12 22:51:04, 9.77, 0.3, 4.0, 14.07
2017-08-12 22:52:03, 9.77, 0.3, 4.0, 14.07
2017-08-12 22:53:03, 9.77, 0.3, 4.0, 14.07
2017-08-12 22:54:04, 9.77, 0.3, 4.0, 14.07
2017-08-12 22:55:04, 9.77, 0.3, 4.0, 14.07
2017-08-12 22:56:04, 2.44, 0.3, 4.0, 6.74
2017-08-12 22:57:03, 2.44, 0.3, 4.0, 6.74
2017-08-12 22:58:03, 2.44, 0.3, 4.0, 6.74
2017-08-12 22:59:04, 2.44, 0.3, 4.0, 6.74
2017-08-12 23:00:06, 2.44, 0.3, 4.0, 6.74
2017-08-12 23:01:03, 2.43, 0.3, 3.5, 6.23
2017-08-12 23:02:03, 2.43, 0.3, 3.5, 6.23
2017-08-12 23:03:04, 2.43, 0.3, 3.5, 6.23
2017-08-12 23:04:04, 2.43, 0.3, 3.5, 6.23
2017-08-12 23:05:03, 2.43, 0.3, 3.5, 6.23
2017-08-12 23:06:03, 2.44, 0.3, 3.3, 6.04
2017-08-12 23:07:04, 2.44, 0.3, 3.3, 6.04
2017-08-12 23:08:04, 2.44, 0.3, 3.3, 6.04
2017-08-12 23:09:04, 2.44, 0.3, 3.3, 6.04
2017-08-12 23:10:03, 2.44, 0.3, 3.3, 6.04
2017-08-12 23:11:04, 9.66, 0.3, 3.2, 13.16
2017-08-12 23:12:03, 9.66, 0.3, 3.2, 13.16
2017-08-12 23:13:03, 9.66, 0.3, 3.2, 13.16
2017-08-12 23:14:04, 9.66, 0.3, 3.2, 13.16
2017-08-12 23:15:04, 9.66, 0.3, 3.2, 13.16
2017-08-12 23:16:03, 2.44, 0.3, 3.3, 6.04
2017-08-12 23:17:04, 2.44, 0.3, 3.3, 6.04
2017-08-12 23:18:03, 2.44, 0.3, 3.3, 6.04
2017-08-12 23:19:04, 2.44, 0.3, 3.3, 6.04
2017-08-12 23:20:06, 2.44, 0.3, 3.3, 6.04
2017-08-12 23:21:04, 2.42, 0.3, 3.9, 6.62
2017-08-12 23:22:04, 2.42, 0.3, 3.9, 6.62
2017-08-12 23:23:04, 2.42, 0.3, 3.9, 6.62
2017-08-12 23:24:03, 2.42, 0.3, 3.9, 6.62
2017-08-12 23:25:03, 2.42, 0.3, 3.9, 6.62
2017-08-12 23:26:04, 2.42, 0.3, 3.5, 6.22
2017-08-12 23:27:04, 2.42, 0.3, 3.5, 6.22
2017-08-12 23:28:03, 2.42, 0.3, 3.5, 6.22
2017-08-12 23:29:03, 2.42, 0.3, 3.5, 6.22
2017-08-12 23:30:04, 2.42, 0.3, 3.5, 6.22
2017-08-12 23:31:03, 9.62, 0.0, 3.9, 13.52
2017-08-12 23:32:03, 9.62, 0.0, 3.9, 13.52
2017-08-12 23:33:04, 9.62, 0.0, 3.9, 13.52
2017-08-12 23:34:05, 9.62, 0.0, 3.9, 13.52
2017-08-12 23:35:03, 9.62, 0.0, 3.9, 13.52
2017-08-12 23:36:03, 9.74, 0.3, 3.9, 13.94
2017-08-12 23:37:03, 9.74, 0.3, 3.9, 13.94
2017-08-12 23:38:04, 9.74, 0.3, 3.9, 13.94
2017-08-12 23:39:04, 9.74, 0.3, 3.9, 13.94
2017-08-12 23:40:03, 9.74, 0.3, 3.9, 13.94
2017-08-12 23:41:03, 2.42, 0.3, 3.5, 6.22
2017-08-12 23:42:03, 2.42, 0.3, 3.5, 6.22
2017-08-12 23:43:03, 2.42, 0.3, 3.5, 6.22
2017-08-12 23:44:04, 2.42, 0.3, 3.5, 6.22
2017-08-12 23:45:04, 2.42, 0.3, 3.5, 6.22
2017-08-12 23:46:03, 2.41, 0.3, 3.9, 6.61
2017-08-12 23:47:03, 2.41, 0.3, 3.9, 6.61
2017-08-12 23:48:04, 2.41, 0.3, 3.9, 6.61
2017-08-12 23:49:04, 2.41, 0.3, 3.9, 6.61
2017-08-12 23:50:04, 2.41, 0.3, 3.9, 6.61
2017-08-12 23:51:04, 9.64, 0.3, 4.0, 13.94
2017-08-12 23:52:04, 9.64, 0.3, 4.0, 13.94
2017-08-12 23:53:03, 9.64, 0.3, 4.0, 13.94
2017-08-12 23:54:03, 9.64, 0.3, 4.0, 13.94
2017-08-12 23:55:04, 9.64, 0.3, 4.0, 13.94
2017-08-12 23:56:04, 9.75, 0.3, 3.4, 13.45
2017-08-12 23:57:03, 9.75, 0.3, 3.4, 13.45
2017-08-12 23:58:03, 9.75, 0.3, 3.4, 13.45
2017-08-12 23:59:04, 9.75, 0.3, 3.4, 13.45
