2017-05-18 23:19:44, 164.5, 168.5, 9999.0, 9999.0, 8.0, 9999.0, 9999.0, 25.75
2017-05-18 23:19:46, 164.5, 168.75, 9999.0, 9999.0, 8.0, 9999.0, 9999.0, 25.75
2017-05-18 23:19:48, 164.25, 168.5, 9999.0, 9999.0, 8.0, 9999.0, 9999.0, 25.75
2017-05-18 23:20:11, 9999.0, 169.25, 9999.0, 9999.0, 8.25, 9999.0, 9999.0, 26.0
2017-05-18 23:20:13, 164.25, 168.5, 9999.0, 9999.0, 8.25, 9999.0, 9999.0, 26.0
2017-05-18 23:20:15, 164.25, 168.5, 9999.0, 9999.0, 8.0, 9999.0, 9999.0, 26.0
2017-05-18 23:20:17, 164.25, 168.5, 9999.0, 9999.0, 8.0, 9999.0, 9999.0, 25.75
2017-05-18 23:20:19, 164.25, 168.5, 9999.0, 9999.0, 8.0, 9999.0, 9999.0, 25.75
2017-05-18 23:20:21, 164.25, 168.5, 9999.0, 9999.0, 8.0, 9999.0, 9999.0, 25.75
2017-05-18 23:20:23, 164.25, 168.5, 9999.0, 9999.0, 7.75, 9999.0, 9999.0, 25.75
2017-05-18 23:20:25, 164.25, 168.5, 9999.0, 9999.0, 7.75, 9999.0, 9999.0, 25.75
2017-05-18 23:20:27, 164.25, 168.5, 9999.0, 9999.0, 30.0, 9999.0, 9999.0, 25.75
2017-05-18 23:20:29, 164.25, 168.5, 9999.0, 9999.0, 7.75, 9999.0, 9999.0, 25.75
2017-05-18 23:20:31, 164.25, 168.5, 9999.0, 9999.0, 7.75, 9999.0, 9999.0, 25.5
2017-05-18 23:20:33, 164.25, 168.5, 9999.0, 9999.0, 8.0, 9999.0, 9999.0, 25.5
2017-05-18 23:20:35, 164.25, 168.5, 9999.0, 9999.0, 8.0, 9999.0, 9999.0, 25.5
2017-05-18 23:20:37, 164.25, 168.5, 9999.0, 9999.0, 8.0, 9999.0, 9999.0, 25.5
2017-05-18 23:20:39, 164.5, 168.5, 9999.0, 9999.0, 7.75, 9999.0, 9999.0, 25.75
2017-05-18 23:20:41, 164.25, 168.5, 9999.0, 9999.0, 8.0, 9999.0, 9999.0, 25.75
2017-05-18 23:20:43, 164.5, 168.75, 9999.0, 9999.0, 7.75, 9999.0, 9999.0, 25.75
2017-05-18 23:20:46, 164.5, 168.75, 9999.0, 9999.0, 8.5, 9999.0, 9999.0, 25.75
2017-05-18 23:20:48, 164.5, 168.75, 9999.0, 9999.0, 8.5, 9999.0, 9999.0, 25.75
2017-05-18 23:20:50, 164.25, 168.75, 9999.0, 9999.0, 8.5, 9999.0, 9999.0, 25.5
2017-05-18 23:20:52, 164.25, 168.75, 9999.0, 9999.0, 8.5, 9999.0, 9999.0, 26.25
2017-05-18 23:20:54, 164.25, 168.5, 9999.0, 9999.0, 8.25, 9999.0, 9999.0, 26.25
2017-05-18 23:20:56, 164.5, 168.5, 9999.0, 9999.0, 8.25, 9999.0, 9999.0, 26.0
2017-05-18 23:20:58, 164.25, 168.5, 9999.0, 9999.0, 8.25, 9999.0, 9999.0, 26.0
2017-05-18 23:21:00, 164.25, 168.5, 9999.0, 9999.0, 8.25, 9999.0, 9999.0, 26.0
2017-05-18 23:21:02, 164.25, 168.75, 9999.0, 9999.0, 8.0, 9999.0, 9999.0, 26.0
2017-05-18 23:21:04, 164.25, 168.5, 9999.0, 9999.0, 8.0, 9999.0, 9999.0, 26.0
2017-05-18 23:21:06, 164.25, 168.5, 9999.0, 9999.0, 8.0, 9999.0, 9999.0, 26.0
2017-05-18 23:21:08, 164.25, 168.5, 9999.0, 9999.0, 8.0, 9999.0, 9999.0, 26.0
2017-05-18 23:21:10, 164.25, 168.5, 9999.0, 9999.0, 8.0, 9999.0, 9999.0, 26.0
2017-05-18 23:21:12, 164.25, 168.5, 9999.0, 9999.0, 8.0, 9999.0, 9999.0, 25.75
2017-05-18 23:21:14, 164.5, 168.5, 9999.0, 9999.0, 8.0, 9999.0, 9999.0, 25.75
2017-05-18 23:21:17, 164.5, 168.5, 9999.0, 9999.0, 7.75, 9999.0, 9999.0, 25.75
2017-05-18 23:21:19, 164.5, 168.5, 9999.0, 9999.0, 7.75, 9999.0, 9999.0, 25.75
2017-05-18 23:21:21, 164.25, 168.5, 9999.0, 9999.0, 8.0, 9999.0, 9999.0, 25.75
2017-05-18 23:21:23, 164.25, 168.5, 9999.0, 9999.0, 7.75, 9999.0, 9999.0, 25.5
2017-05-18 23:21:25, 164.25, 168.5, 9999.0, 9999.0, 7.75, 9999.0, 9999.0, 25.5
2017-05-18 23:21:27, 164.25, 168.5, 9999.0, 9999.0, 8.0, 9999.0, 9999.0, 25.5
2017-05-18 23:21:29, 164.25, 168.5, 9999.0, 9999.0, 8.0, 9999.0, 9999.0, 25.5
2017-05-18 23:21:31, 164.25, 168.5, 9999.0, 9999.0, 8.0, 9999.0, 9999.0, 25.5
2017-05-18 23:21:33, 164.25, 168.5, 9999.0, 9999.0, 8.0, 9999.0, 9999.0, 25.75
2017-05-18 23:21:35, 164.25, 168.5, 9999.0, 9999.0, 7.75, 9999.0, 9999.0, 25.75
2017-05-18 23:21:37, 164.25, 168.5, 9999.0, 9999.0, 7.75, 9999.0, 9999.0, 25.75
2017-05-18 23:21:39, 164.25, 168.75, 9999.0, 9999.0, 8.5, 9999.0, 9999.0, 25.75
2017-05-18 23:21:41, 164.25, 168.5, 9999.0, 9999.0, 8.5, 9999.0, 9999.0, 25.75
2017-05-18 23:21:43, 164.5, 168.5, 9999.0, 9999.0, 8.25, 9999.0, 9999.0, 25.5
2017-05-18 23:21:45, 164.25, 168.5, 9999.0, 9999.0, 8.5, 9999.0, 9999.0, 26.25
2017-05-18 23:21:47, 164.25, 168.75, 9999.0, 9999.0, 8.25, 9999.0, 9999.0, 26.0
2017-05-18 23:21:49, 164.25, 168.5, 9999.0, 9999.0, 8.25, 9999.0, 9999.0, 26.25
2017-05-18 23:21:51, 164.5, 168.75, 9999.0, 9999.0, 8.25, 9999.0, 9999.0, 26.0
2017-05-18 23:21:54, 164.25, 168.75, 9999.0, 9999.0, 8.25, 9999.0, 9999.0, 26.0
2017-05-18 23:21:56, 164.25, 168.75, 9999.0, 9999.0, 8.0, 9999.0, 9999.0, 26.0
2017-05-18 23:21:58, 164.25, 168.75, 9999.0, 9999.0, 8.0, 9999.0, 9999.0, 25.75
2017-05-18 23:22:00, 164.25, 168.5, 9999.0, 9999.0, 8.0, 9999.0, 9999.0, 26.0
2017-05-18 23:22:02, 164.25, 168.75, 9999.0, 9999.0, 8.0, 9999.0, 9999.0, 26.0
2017-05-18 23:22:04, 164.25, 168.5, 9999.0, 9999.0, 8.0, 9999.0, 9999.0, 25.75
2017-05-18 23:22:06, 164.25, 168.5, 9999.0, 9999.0, 8.0, 9999.0, 9999.0, 25.75
2017-05-18 23:22:08, 164.25, 168.5, 9999.0, 9999.0, 8.0, 9999.0, 9999.0, 25.75
2017-05-18 23:22:10, 164.25, 168.5, 9999.0, 9999.0, 8.0, 9999.0, 9999.0, 25.75
2017-05-18 23:22:12, 164.25, 168.5, 9999.0, 9999.0, 8.0, 9999.0, 9999.0, 25.5
2017-05-18 23:22:14, 164.25, 168.5, 9999.0, 9999.0, 7.75, 9999.0, 9999.0, 25.5
2017-05-18 23:22:16, 164.25, 168.5, 9999.0, 9999.0, 7.75, 9999.0, 9999.0, 25.75
2017-05-18 23:22:18, 164.25, 168.5, 9999.0, 9999.0, 7.75, 9999.0, 9999.0, 25.5
2017-05-18 23:22:20, 164.25, 168.5, 9999.0, 9999.0, 8.0, 9999.0, 9999.0, 25.5
2017-05-18 23:22:22, 164.25, 168.5, 9999.0, 9999.0, 8.0, 9999.0, 9999.0, 25.5
2017-05-18 23:22:24, 164.25, 168.75, 9999.0, 9999.0, 8.0, 9999.0, 9999.0, 25.5
2017-05-18 23:22:26, 164.25, 168.5, 9999.0, 9999.0, 8.0, 9999.0, 9999.0, 25.75
2017-05-18 23:22:28, 164.5, 168.75, 9999.0, 9999.0, 8.0, 9999.0, 9999.0, 25.75
2017-05-18 23:22:30, 164.25, 168.75, 9999.0, 9999.0, 7.75, 9999.0, 9999.0, 25.75
2017-05-18 23:22:33, 164.25, 168.75, 9999.0, 9999.0, 8.5, 9999.0, 9999.0, 25.5
2017-05-18 23:22:35, 164.5, 168.75, 9999.0, 9999.0, 8.5, 9999.0, 9999.0, 25.5
2017-05-18 23:22:37, 164.25, 168.75, 9999.0, 9999.0, 8.5, 9999.0, 9999.0, 25.5
2017-05-18 23:22:39, 164.25, 168.75, 9999.0, 9999.0, 8.25, 9999.0, 9999.0, 26.25
2017-05-18 23:22:41, 164.25, 168.75, 9999.0, 9999.0, 8.25, 9999.0, 9999.0, 26.0
2017-05-18 23:22:43, 164.25, 168.75, 9999.0, 9999.0, 8.25, 9999.0, 9999.0, 26.0
2017-05-18 23:22:45, 164.25, 168.5, 9999.0, 9999.0, 8.25, 9999.0, 9999.0, 26.0
2017-05-18 23:22:47, 164.25, 168.75, 9999.0, 9999.0, 8.25, 9999.0, 9999.0, 26.0
2017-05-18 23:22:49, 164.25, 168.75, 9999.0, 9999.0, 8.25, 9999.0, 9999.0, 26.0
2017-05-18 23:22:51, 164.25, 168.75, 9999.0, 9999.0, 8.25, 9999.0, 9999.0, 26.0
2017-05-18 23:22:53, 164.25, 168.5, 9999.0, 9999.0, 8.0, 9999.0, 9999.0, 25.75
2017-05-18 23:22:55, 164.25, 168.75, 9999.0, 9999.0, 8.0, 9999.0, 9999.0, 26.0
2017-05-18 23:22:57, 164.25, 168.5, 9999.0, 9999.0, 8.0, 9999.0, 9999.0, 25.75
2017-05-18 23:22:59, 164.25, 168.75, 9999.0, 9999.0, 8.0, 9999.0, 9999.0, 25.75
2017-05-18 23:23:01, 164.25, 168.75, 9999.0, 9999.0, 8.0, 9999.0, 9999.0, 25.75
2017-05-18 23:23:03, 164.25, 168.5, 9999.0, 9999.0, 7.75, 9999.0, 9999.0, 25.5
2017-05-18 23:23:05, 164.25, 168.5, 9999.0, 9999.0, 7.75, 9999.0, 9999.0, 25.75
2017-05-18 23:23:07, 164.25, 168.5, 9999.0, 9999.0, 7.75, 9999.0, 9999.0, 25.75
2017-05-18 23:23:09, 164.25, 168.5, 9999.0, 9999.0, 7.75, 9999.0, 9999.0, 25.5
2017-05-18 23:23:11, 164.25, 168.5, 9999.0, 9999.0, 7.75, 9999.0, 9999.0, 25.5
2017-05-18 23:23:13, 164.25, 168.5, 9999.0, 9999.0, 8.0, 9999.0, 9999.0, 25.5
2017-05-18 23:23:16, 164.25, 168.5, 9999.0, 9999.0, 7.75, 9999.0, 9999.0, 25.5
2017-05-18 23:23:18, 164.25, 168.5, 9999.0, 9999.0, 7.75, 9999.0, 9999.0, 25.5
2017-05-18 23:23:20, 164.25, 168.5, 9999.0, 9999.0, 7.75, 9999.0, 9999.0, 25.75
2017-05-18 23:23:22, 164.25, 168.5, 9999.0, 9999.0, 8.0, 9999.0, 9999.0, 25.75
2017-05-18 23:23:24, 164.5, 168.75, 9999.0, 9999.0, 7.75, 9999.0, 9999.0, 25.75
2017-05-18 23:23:26, 164.25, 168.75, 9999.0, 9999.0, 7.75, 9999.0, 9999.0, 25.5
2017-05-18 23:23:28, 164.5, 168.75, 9999.0, 9999.0, 8.5, 9999.0, 9999.0, 25.75
2017-05-18 23:23:30, 164.25, 168.75, 9999.0, 9999.0, 8.5, 9999.0, 9999.0, 25.5
2017-05-18 23:23:32, 164.25, 168.5, 9999.0, 9999.0, 8.25, 9999.0, 9999.0, 26.25
2017-05-18 23:23:34, 164.25, 168.5, 9999.0, 9999.0, 8.25, 9999.0, 9999.0, 25.75
2017-05-18 23:23:36, 164.0, 168.5, 9999.0, 9999.0, 8.25, 9999.0, 9999.0, 26.0
2017-05-18 23:23:38, 164.25, 168.5, 9999.0, 9999.0, 8.25, 9999.0, 9999.0, 26.0
2017-05-18 23:23:40, 164.25, 168.5, 9999.0, 9999.0, 8.25, 9999.0, 9999.0, 26.0
2017-05-18 23:23:42, 164.25, 168.5, 9999.0, 9999.0, 8.25, 9999.0, 9999.0, 26.75
2017-05-18 23:23:44, 164.25, 168.75, 9999.0, 9999.0, 8.0, 9999.0, 9999.0, 26.0
2017-05-18 23:23:46, 164.25, 168.5, 9999.0, 9999.0, 8.0, 9999.0, 9999.0, 26.0
2017-05-18 23:23:48, 164.25, 168.5, 9999.0, 9999.0, 8.0, 9999.0, 9999.0, 26.0
2017-05-18 23:23:50, 164.25, 168.75, 9999.0, 9999.0, 8.0, 9999.0, 9999.0, 25.75
2017-05-18 23:23:52, 164.25, 168.5, 9999.0, 9999.0, 8.0, 9999.0, 9999.0, 25.75
2017-05-18 23:23:55, 164.25, 168.75, 9999.0, 9999.0, 7.75, 9999.0, 9999.0, 25.75
2017-05-18 23:23:57, 164.25, 168.5, 9999.0, 9999.0, 8.0, 9999.0, 9999.0, 25.75
2017-05-18 23:23:59, 164.25, 168.75, 9999.0, 9999.0, 7.75, 9999.0, 9999.0, 39.75
2017-05-18 23:24:01, 164.25, 168.5, 9999.0, 9999.0, 7.75, 9999.0, 9999.0, 25.75
2017-05-18 23:24:03, 164.25, 168.5, 9999.0, 9999.0, 7.75, 9999.0, 9999.0, 25.75
2017-05-18 23:24:05, 164.25, 168.5, 9999.0, 9999.0, 7.75, 9999.0, 9999.0, 25.5
2017-05-18 23:24:07, 164.25, 168.5, 9999.0, 9999.0, 7.75, 9999.0, 9999.0, 25.5
2017-05-18 23:24:09, 164.25, 168.5, 9999.0, 9999.0, 8.0, 9999.0, 9999.0, 25.5
2017-05-18 23:24:11, 164.25, 168.5, 9999.0, 9999.0, 8.0, 9999.0, 9999.0, 25.5
2017-05-18 23:24:13, 164.25, 168.75, 9999.0, 9999.0, 8.0, 9999.0, 9999.0, 25.75
2017-05-18 23:24:15, 164.25, 168.75, 9999.0, 9999.0, 8.0, 9999.0, 9999.0, 25.75
2017-05-18 23:24:17, 164.25, 168.75, 9999.0, 9999.0, 7.75, 9999.0, 9999.0, 25.75
2017-05-18 23:24:19, 164.25, 168.75, 9999.0, 9999.0, 7.75, 9999.0, 9999.0, 25.75
2017-05-18 23:24:21, 164.25, 168.75, 9999.0, 9999.0, 8.25, 9999.0, 9999.0, 25.75
2017-05-18 23:24:23, 164.25, 168.75, 9999.0, 9999.0, 8.25, 9999.0, 9999.0, 25.5
2017-05-18 23:24:25, 164.25, 168.75, 9999.0, 9999.0, 8.25, 9999.0, 9999.0, 25.5
2017-05-18 23:24:27, 164.25, 168.75, 9999.0, 9999.0, 8.25, 9999.0, 9999.0, 26.0
2017-05-18 23:24:29, 164.25, 168.75, 9999.0, 9999.0, 8.25, 9999.0, 9999.0, 26.0
2017-05-18 23:24:31, 164.25, 168.75, 9999.0, 9999.0, 8.25, 9999.0, 9999.0, 26.0
2017-05-18 23:24:33, 164.25, 168.75, 9999.0, 9999.0, 8.0, 9999.0, 9999.0, 26.0
2017-05-18 23:24:35, 164.25, 168.75, 9999.0, 9999.0, 8.0, 9999.0, 9999.0, 26.0
2017-05-18 23:24:38, 164.25, 168.75, 9999.0, 9999.0, 8.0, 9999.0, 9999.0, 26.0
2017-05-18 23:24:40, 164.25, 168.5, 9999.0, 9999.0, 8.0, 9999.0, 9999.0, 26.0
2017-05-18 23:24:42, 164.25, 168.75, 9999.0, 9999.0, 8.0, 9999.0, 9999.0, 25.75
2017-05-18 23:24:44, 164.25, 168.75, 9999.0, 9999.0, 8.0, 9999.0, 9999.0, 25.75
2017-05-18 23:24:46, 164.25, 168.75, 9999.0, 9999.0, 8.0, 9999.0, 9999.0, 25.75
2017-05-18 23:24:48, 164.25, 168.75, 9999.0, 9999.0, 7.75, 9999.0, 9999.0, 25.75
2017-05-18 23:24:50, 164.25, 168.75, 9999.0, 9999.0, 7.75, 9999.0, 9999.0, 25.75
2017-05-18 23:24:52, 164.5, 168.75, 9999.0, 9999.0, 7.75, 9999.0, 9999.0, 25.75
2017-05-18 23:24:54, 164.25, 168.75, 9999.0, 9999.0, 7.75, 9999.0, 9999.0, 25.75
2017-05-18 23:24:56, 164.25, 168.75, 9999.0, 9999.0, 7.75, 9999.0, 9999.0, 25.5
2017-05-18 23:24:58, 164.25, 168.75, 9999.0, 9999.0, 7.75, 9999.0, 9999.0, 25.5
2017-05-18 23:25:00, 164.25, 168.75, 9999.0, 9999.0, 7.75, 9999.0, 9999.0, 25.5
2017-05-18 23:25:02, 164.25, 168.75, 9999.0, 9999.0, 8.0, 9999.0, 9999.0, 25.5
2017-05-18 23:25:04, 164.25, 168.75, 9999.0, 9999.0, 7.75, 9999.0, 9999.0, 25.5
2017-05-18 23:25:06, 164.25, 168.75, 9999.0, 9999.0, 7.75, 9999.0, 9999.0, 25.5
2017-05-18 23:25:08, 164.25, 168.75, 9999.0, 9999.0, 7.75, 9999.0, 9999.0, 25.75
2017-05-18 23:25:10, 164.25, 168.75, 9999.0, 9999.0, 7.75, 9999.0, 9999.0, 25.75
2017-05-18 23:25:12, 164.25, 168.75, 9999.0, 9999.0, 7.75, 9999.0, 9999.0, 25.5
2017-05-18 23:25:14, 164.25, 168.75, 9999.0, 9999.0, 8.5, 9999.0, 9999.0, 25.5
2017-05-18 23:25:17, 164.25, 168.75, 9999.0, 9999.0, 8.25, 9999.0, 9999.0, 25.5
2017-05-18 23:25:19, 164.25, 168.75, 9999.0, 9999.0, 8.25, 9999.0, 9999.0, 25.5
2017-05-18 23:25:21, 164.25, 168.75, 9999.0, 9999.0, 8.25, 9999.0, 9999.0, 26.0
2017-05-18 23:25:23, 164.25, 168.75, 9999.0, 9999.0, 8.25, 9999.0, 9999.0, 26.0
2017-05-18 23:25:25, 164.25, 168.75, 9999.0, 9999.0, 8.25, 9999.0, 9999.0, 26.0
2017-05-18 23:25:27, 164.25, 168.75, 9999.0, 9999.0, 8.0, 9999.0, 9999.0, 26.0
2017-05-18 23:25:29, 164.25, 168.75, 9999.0, 9999.0, 8.0, 9999.0, 9999.0, 26.0
2017-05-18 23:25:31, 164.25, 168.75, 9999.0, 9999.0, 12.25, 9999.0, 9999.0, 25.75
2017-05-18 23:25:33, 164.25, 168.75, 9999.0, 9999.0, 8.0, 9999.0, 9999.0, 25.75
2017-05-18 23:25:35, 164.25, 168.75, 9999.0, 9999.0, 8.0, 9999.0, 9999.0, 25.75
2017-05-18 23:25:37, 164.25, 168.5, 9999.0, 9999.0, 8.0, 9999.0, 9999.0, 25.75
2017-05-18 23:25:39, 164.25, 168.75, 9999.0, 9999.0, 7.75, 9999.0, 9999.0, 25.75
2017-05-18 23:25:41, 164.25, 168.75, 9999.0, 9999.0, 7.75, 9999.0, 9999.0, 25.5
2017-05-18 23:25:43, 164.25, 168.75, 9999.0, 9999.0, 7.75, 9999.0, 9999.0, 25.5
2017-05-18 23:25:45, 164.25, 168.75, 9999.0, 9999.0, 7.75, 9999.0, 9999.0, 25.5
2017-05-18 23:25:47, 164.25, 168.75, 9999.0, 9999.0, 7.75, 9999.0, 9999.0, 25.5
2017-05-18 23:25:49, 164.25, 168.5, 9999.0, 9999.0, 7.75, 9999.0, 9999.0, 25.5
2017-05-18 23:25:51, 164.25, 168.75, 9999.0, 9999.0, 7.75, 9999.0, 9999.0, 25.5
2017-05-18 23:25:53, 164.25, 168.5, 9999.0, 9999.0, 7.75, 9999.0, 9999.0, 25.5
2017-05-18 23:25:56, 164.25, 168.75, 9999.0, 9999.0, 7.75, 9999.0, 9999.0, 25.5
2017-05-18 23:25:58, 164.25, 168.75, 9999.0, 9999.0, 7.75, 9999.0, 9999.0, 25.25
2017-05-18 23:26:00, 164.25, 168.75, 9999.0, 9999.0, 7.75, 9999.0, 9999.0, 25.5
2017-05-18 23:26:02, 164.25, 168.75, 9999.0, 9999.0, 7.75, 9999.0, 9999.0, 25.5
2017-05-18 23:26:04, 164.25, 168.75, 9999.0, 9999.0, 7.75, 9999.0, 9999.0, 25.5
2017-05-18 23:26:06, 164.25, 168.75, 9999.0, 9999.0, 7.75, 9999.0, 9999.0, 25.5
2017-05-18 23:26:08, 164.25, 168.75, 9999.0, 9999.0, 8.5, 9999.0, 9999.0, 25.5
2017-05-18 23:26:10, 164.25, 168.75, 9999.0, 9999.0, 8.25, 9999.0, 9999.0, 25.5
2017-05-18 23:26:12, 164.25, 168.75, 9999.0, 9999.0, 8.25, 9999.0, 9999.0, 25.5
2017-05-18 23:26:14, 164.25, 168.75, 9999.0, 9999.0, 8.25, 9999.0, 9999.0, 26.0
2017-05-18 23:26:16, 164.25, 168.75, 9999.0, 9999.0, 8.25, 9999.0, 9999.0, 26.0
2017-05-18 23:26:18, 164.25, 168.75, 9999.0, 9999.0, 8.25, 9999.0, 9999.0, 26.0
2017-05-18 23:26:20, 164.25, 168.75, 9999.0, 9999.0, 8.0, 9999.0, 9999.0, 26.0
2017-05-18 23:26:22, 164.25, 168.75, 9999.0, 9999.0, 8.0, 9999.0, 9999.0, 26.0
2017-05-18 23:26:24, 164.25, 168.75, 9999.0, 9999.0, 8.0, 9999.0, 9999.0, 25.75
2017-05-18 23:26:26, 164.25, 168.75, 9999.0, 9999.0, 8.0, 9999.0, 9999.0, 26.0
2017-05-18 23:26:28, 164.25, 168.75, 9999.0, 9999.0, 8.0, 9999.0, 9999.0, 26.0
2017-05-18 23:26:30, 164.25, 168.75, 9999.0, 9999.0, 8.0, 9999.0, 9999.0, 25.75
2017-05-18 23:26:32, 164.25, 168.75, 9999.0, 9999.0, 8.0, 9999.0, 9999.0, 25.75
2017-05-18 23:26:34, 164.25, 168.75, 9999.0, 9999.0, 8.0, 9999.0, 9999.0, 25.75
2017-05-18 23:26:36, 164.25, 168.75, 9999.0, 9999.0, 7.75, 9999.0, 9999.0, 25.5
2017-05-18 23:26:39, 164.25, 168.75, 9999.0, 9999.0, 7.75, 9999.0, 9999.0, 25.5
2017-05-18 23:26:41, 164.25, 168.5, 9999.0, 9999.0, 7.75, 9999.0, 9999.0, 25.5
2017-05-18 23:26:43, 164.25, 168.5, 9999.0, 9999.0, 7.75, 9999.0, 9999.0, 25.5
2017-05-18 23:26:45, 164.25, 168.75, 9999.0, 9999.0, 7.75, 9999.0, 9999.0, 25.5
2017-05-18 23:26:47, 164.25, 168.5, 9999.0, 9999.0, 7.75, 9999.0, 9999.0, 25.5
2017-05-18 23:26:49, 164.25, 168.75, 9999.0, 9999.0, 7.75, 9999.0, 9999.0, 25.5
2017-05-18 23:26:51, 164.25, 168.75, 9999.0, 9999.0, 7.75, 9999.0, 9999.0, 25.5
2017-05-18 23:26:53, 164.25, 168.75, 9999.0, 9999.0, 7.75, 9999.0, 9999.0, 25.5
2017-05-18 23:26:55, 164.25, 168.75, 9999.0, 9999.0, 7.75, 9999.0, 9999.0, 25.5
2017-05-18 23:26:57, 164.25, 168.75, 9999.0, 9999.0, 7.75, 9999.0, 9999.0, 25.5
2017-05-18 23:26:59, 164.25, 168.75, 9999.0, 9999.0, 7.75, 9999.0, 9999.0, 25.75
2017-05-18 23:27:01, 164.25, 168.75, 9999.0, 9999.0, 8.5, 9999.0, 9999.0, 25.5
2017-05-18 23:27:03, 164.25, 168.75, 9999.0, 9999.0, 8.25, 9999.0, 9999.0, 25.5
2017-05-18 23:27:05, 164.25, 168.75, 9999.0, 9999.0, 8.25, 9999.0, 9999.0, 25.5
2017-05-18 23:27:07, 164.25, 168.75, 9999.0, 9999.0, 8.25, 9999.0, 9999.0, 26.0
2017-05-18 23:27:09, 164.25, 168.75, 9999.0, 9999.0, 8.25, 9999.0, 9999.0, 26.0
2017-05-18 23:27:11, 164.25, 168.75, 9999.0, 9999.0, 8.25, 9999.0, 9999.0, 26.0
2017-05-18 23:27:13, 164.25, 168.75, 9999.0, 9999.0, 8.0, 9999.0, 9999.0, 26.0
2017-05-18 23:27:15, 164.25, 168.75, 9999.0, 9999.0, 8.0, 9999.0, 9999.0, 26.0
2017-05-18 23:27:18, 164.25, 168.75, 9999.0, 9999.0, 8.0, 9999.0, 9999.0, 25.75
2017-05-18 23:27:20, 164.25, 168.75, 9999.0, 9999.0, 8.0, 9999.0, 9999.0, 25.75
2017-05-18 23:27:22, 164.25, 168.75, 9999.0, 9999.0, 8.0, 9999.0, 9999.0, 25.75
2017-05-18 23:27:24, 164.25, 168.75, 9999.0, 9999.0, 8.0, 9999.0, 9999.0, 25.75
2017-05-18 23:27:26, 164.25, 168.75, 9999.0, 9999.0, 8.0, 9999.0, 9999.0, 25.75
2017-05-18 23:27:28, 164.0, 168.75, 9999.0, 9999.0, 7.75, 9999.0, 9999.0, 25.75
2017-05-18 23:27:30, 164.25, 168.75, 9999.0, 9999.0, 7.75, 9999.0, 9999.0, 25.5
2017-05-18 23:27:32, 164.25, 168.75, 9999.0, 9999.0, 7.75, 9999.0, 9999.0, 25.75
2017-05-18 23:27:34, 164.25, 168.75, 9999.0, 9999.0, 7.75, 9999.0, 9999.0, 25.5
2017-05-18 23:27:36, 164.25, 168.75, 9999.0, 9999.0, 7.75, 9999.0, 9999.0, 25.5
2017-05-18 23:27:38, 164.25, 168.75, 9999.0, 9999.0, 19.25, 9999.0, 9999.0, 25.5
2017-05-18 23:27:40, 164.25, 168.75, 9999.0, 9999.0, 7.75, 9999.0, 9999.0, 25.5
2017-05-18 23:27:42, 164.25, 168.75, 9999.0, 9999.0, 7.75, 9999.0, 9999.0, 25.5
2017-05-18 23:27:44, 164.25, 168.75, 9999.0, 9999.0, 7.75, 9999.0, 9999.0, 25.25
2017-05-18 23:27:46, 164.25, 168.75, 9999.0, 9999.0, 7.75, 9999.0, 9999.0, 25.5
2017-05-18 23:27:48, 164.25, 168.75, 9999.0, 9999.0, 7.75, 9999.0, 9999.0, 25.5
2017-05-18 23:27:50, 164.25, 168.75, 9999.0, 9999.0, 7.75, 9999.0, 9999.0, 25.75
2017-05-18 23:27:52, 164.25, 168.75, 9999.0, 9999.0, 7.75, 9999.0, 9999.0, 25.5
2017-05-18 23:27:55, 164.25, 168.75, 9999.0, 9999.0, 7.75, 9999.0, 9999.0, 25.5
2017-05-18 23:27:57, 164.25, 168.75, 9999.0, 9999.0, 8.25, 9999.0, 9999.0, 25.5
2017-05-18 23:27:59, 164.25, 168.75, 9999.0, 9999.0, 8.5, 9999.0, 9999.0, 25.5
2017-05-18 23:28:01, 164.25, 168.75, 9999.0, 9999.0, 8.25, 9999.0, 9999.0, 25.5
2017-05-18 23:28:03, 164.25, 168.75, 9999.0, 9999.0, 8.25, 9999.0, 9999.0, 26.0
2017-05-18 23:28:05, 164.25, 168.75, 9999.0, 9999.0, 8.25, 9999.0, 9999.0, 26.0
2017-05-18 23:28:07, 164.25, 168.75, 9999.0, 9999.0, 8.0, 9999.0, 9999.0, 26.0
2017-05-18 23:28:09, 164.25, 168.75, 9999.0, 9999.0, 8.0, 9999.0, 9999.0, 26.0
2017-05-18 23:28:11, 164.25, 168.5, 9999.0, 9999.0, 8.0, 9999.0, 9999.0, 26.0
2017-05-18 23:28:13, 164.0, 168.75, 9999.0, 9999.0, 8.0, 9999.0, 9999.0, 26.0
2017-05-18 23:28:15, 164.0, 168.75, 9999.0, 9999.0, 8.0, 9999.0, 9999.0, 25.75
2017-05-18 23:28:17, 164.25, 168.75, 9999.0, 9999.0, 8.0, 9999.0, 9999.0, 25.75
2017-05-18 23:28:19, 164.0, 168.75, 9999.0, 9999.0, 7.75, 9999.0, 9999.0, 25.75
2017-05-18 23:28:21, 164.0, 168.75, 9999.0, 9999.0, 7.75, 9999.0, 9999.0, 25.75
2017-05-18 23:28:23, 164.25, 168.75, 9999.0, 9999.0, 7.75, 9999.0, 9999.0, 25.75
2017-05-18 23:28:25, 164.25, 168.75, 9999.0, 9999.0, 7.75, 9999.0, 9999.0, 25.5
2017-05-18 23:28:27, 164.25, 168.75, 9999.0, 9999.0, 7.75, 9999.0, 9999.0, 25.5
2017-05-18 23:28:29, 164.25, 168.75, 9999.0, 9999.0, 7.75, 9999.0, 9999.0, 25.5
2017-05-18 23:28:31, 164.25, 168.75, 9999.0, 9999.0, 7.75, 9999.0, 9999.0, 25.5
2017-05-18 23:28:34, 164.25, 168.75, 9999.0, 9999.0, 7.5, 9999.0, 9999.0, 25.5
2017-05-18 23:28:36, 164.25, 168.75, 9999.0, 9999.0, 7.75, 9999.0, 9999.0, 25.5
2017-05-18 23:28:38, 164.25, 168.75, 9999.0, 9999.0, 7.75, 9999.0, 9999.0, 25.5
2017-05-18 23:28:40, 164.25, 168.75, 9999.0, 9999.0, 7.75, 9999.0, 9999.0, 25.5
2017-05-18 23:28:42, 164.25, 168.75, 9999.0, 9999.0, 7.75, 9999.0, 9999.0, 25.5
2017-05-18 23:28:44, 164.25, 168.75, 9999.0, 9999.0, 7.75, 9999.0, 9999.0, 25.5
2017-05-18 23:28:46, 164.25, 168.75, 9999.0, 9999.0, 7.75, 9999.0, 9999.0, 25.5
2017-05-18 23:28:48, 164.25, 168.75, 9999.0, 9999.0, 7.75, 9999.0, 9999.0, 25.5
2017-05-18 23:28:50, 164.25, 168.75, 9999.0, 9999.0, 8.25, 9999.0, 9999.0, 25.5
2017-05-18 23:28:52, 164.25, 168.75, 9999.0, 9999.0, 8.25, 9999.0, 9999.0, 25.5
2017-05-18 23:28:54, 164.25, 168.75, 9999.0, 9999.0, 8.25, 9999.0, 9999.0, 25.5
2017-05-18 23:28:56, 164.25, 168.75, 9999.0, 9999.0, 8.25, 9999.0, 9999.0, 26.0
2017-05-18 23:28:58, 164.25, 168.75, 9999.0, 9999.0, 8.25, 9999.0, 9999.0, 26.0
2017-05-18 23:29:00, 164.25, 168.75, 9999.0, 9999.0, 8.0, 9999.0, 9999.0, 26.0
2017-05-18 23:29:02, 164.25, 168.75, 9999.0, 9999.0, 8.0, 9999.0, 9999.0, 26.0
2017-05-18 23:29:04, 164.25, 168.75, 9999.0, 9999.0, 8.0, 9999.0, 9999.0, 26.0
2017-05-18 23:29:06, 164.25, 168.75, 9999.0, 9999.0, 8.0, 9999.0, 9999.0, 25.75
2017-05-18 23:29:08, 164.25, 168.75, 9999.0, 9999.0, 8.0, 9999.0, 9999.0, 25.75
2017-05-18 23:29:10, 164.25, 168.5, 9999.0, 9999.0, 8.0, 9999.0, 9999.0, 25.75
2017-05-18 23:29:12, 164.0, 168.75, 9999.0, 9999.0, 8.0, 9999.0, 9999.0, 25.75
2017-05-18 23:29:15, 164.25, 168.75, 9999.0, 9999.0, 8.0, 9999.0, 9999.0, 25.75
2017-05-18 23:29:17, 164.0, 168.5, 9999.0, 9999.0, 7.75, 9999.0, 9999.0, 25.75
2017-05-18 23:29:19, 164.25, 168.75, 9999.0, 9999.0, 7.75, 9999.0, 9999.0, 25.75
2017-05-18 23:29:21, 164.25, 168.75, 9999.0, 9999.0, 7.75, 9999.0, 9999.0, 25.5
2017-05-18 23:29:23, 164.25, 168.75, 9999.0, 9999.0, 7.75, 9999.0, 9999.0, 25.5
2017-05-18 23:29:25, 164.25, 168.75, 9999.0, 9999.0, 7.75, 9999.0, 9999.0, 25.5
2017-05-18 23:29:27, 164.25, 168.75, 9999.0, 9999.0, 7.5, 9999.0, 9999.0, 25.5
2017-05-18 23:29:29, 164.25, 168.75, 9999.0, 9999.0, 7.75, 9999.0, 9999.0, 25.5
2017-05-18 23:29:31, 164.25, 168.75, 9999.0, 9999.0, 7.75, 9999.0, 9999.0, 25.5
2017-05-18 23:29:33, 164.25, 168.75, 9999.0, 9999.0, 7.75, 9999.0, 9999.0, 25.5
2017-05-18 23:29:35, 164.25, 168.75, 9999.0, 9999.0, 7.75, 9999.0, 9999.0, 25.5
2017-05-18 23:29:37, 164.25, 168.75, 9999.0, 9999.0, 7.75, 9999.0, 9999.0, 25.5
2017-05-18 23:29:39, 164.25, 168.75, 9999.0, 9999.0, 7.75, 9999.0, 9999.0, 25.5
2017-05-18 23:29:41, 164.25, 168.75, 9999.0, 9999.0, 7.75, 9999.0, 9999.0, 25.5
2017-05-18 23:29:43, 164.25, 168.75, 9999.0, 9999.0, 8.25, 9999.0, 9999.0, 25.5
2017-05-18 23:29:45, 164.25, 168.75, 9999.0, 9999.0, 8.25, 9999.0, 9999.0, 25.5
2017-05-18 23:29:47, 164.25, 168.75, 9999.0, 9999.0, 8.25, 9999.0, 9999.0, 25.5
2017-05-18 23:29:49, 164.25, 168.75, 9999.0, 9999.0, 8.25, 9999.0, 9999.0, 26.0
2017-05-18 23:29:51, 185.25, 168.75, 9999.0, 9999.0, 8.25, 9999.0, 9999.0, 26.0
2017-05-18 23:29:53, 164.25, 168.75, 9999.0, 9999.0, 8.25, 9999.0, 9999.0, 26.0
2017-05-18 23:29:56, 164.25, 168.75, 9999.0, 9999.0, 8.25, 9999.0, 9999.0, 26.0
2017-05-18 23:29:58, 164.25, 168.75, 9999.0, 9999.0, 8.0, 9999.0, 9999.0, 26.0
2017-05-18 23:30:00, 164.25, 168.75, 9999.0, 9999.0, 8.0, 9999.0, 9999.0, 25.75
2017-05-18 23:30:02, 164.25, 168.75, 9999.0, 9999.0, 8.0, 9999.0, 9999.0, 25.75
2017-05-18 23:30:04, 164.25, 168.75, 9999.0, 9999.0, 8.0, 9999.0, 9999.0, 25.75
2017-05-18 23:30:06, 164.25, 168.75, 9999.0, 9999.0, 7.75, 9999.0, 9999.0, 25.75
2017-05-18 23:30:08, 164.25, 168.75, 9999.0, 9999.0, 7.75, 9999.0, 9999.0, 25.75
2017-05-18 23:30:10, 164.0, 168.75, 9999.0, 9999.0, 7.75, 9999.0, 9999.0, 25.5
2017-05-18 23:30:12, 164.25, 168.75, 9999.0, 9999.0, 7.75, 9999.0, 9999.0, 25.5
2017-05-18 23:30:14, 164.25, 168.75, 9999.0, 9999.0, 7.75, 9999.0, 9999.0, 25.75
2017-05-18 23:30:16, 164.25, 168.75, 9999.0, 9999.0, 7.75, 9999.0, 9999.0, 25.5
2017-05-18 23:30:18, 164.25, 168.75, 9999.0, 9999.0, 7.75, 9999.0, 9999.0, 25.5
2017-05-18 23:30:20, 164.25, 168.75, 9999.0, 9999.0, 7.75, 9999.0, 9999.0, 25.5
2017-05-18 23:30:22, 164.25, 168.75, 9999.0, 9999.0, 7.75, 9999.0, 9999.0, 25.5
2017-05-18 23:30:24, 164.25, 168.75, 9999.0, 9999.0, 7.75, 9999.0, 9999.0, 25.5
2017-05-18 23:30:26, 164.25, 168.75, 9999.0, 9999.0, 7.75, 9999.0, 9999.0, 25.5
2017-05-18 23:30:28, 164.25, 168.75, 9999.0, 9999.0, 7.75, 9999.0, 9999.0, 25.5
2017-05-18 23:30:30, 164.25, 168.75, 9999.0, 9999.0, 7.75, 9999.0, 9999.0, 25.5
2017-05-18 23:30:32, 164.25, 168.75, 9999.0, 9999.0, 7.75, 9999.0, 9999.0, 25.5
2017-05-18 23:30:35, 164.25, 168.75, 9999.0, 9999.0, 7.75, 9999.0, 9999.0, 25.5
2017-05-18 23:30:37, 164.25, 168.75, 9999.0, 9999.0, 7.75, 9999.0, 9999.0, 25.5
2017-05-18 23:30:39, 164.25, 168.75, 9999.0, 9999.0, 8.25, 9999.0, 9999.0, 25.5
2017-05-18 23:30:41, 164.25, 168.75, 9999.0, 9999.0, 8.25, 9999.0, 9999.0, 25.5
2017-05-18 23:30:43, 164.25, 168.75, 9999.0, 9999.0, 8.25, 9999.0, 9999.0, 25.5
2017-05-18 23:30:45, 164.25, 168.75, 9999.0, 9999.0, 8.25, 9999.0, 9999.0, 26.0
2017-05-18 23:30:47, 164.25, 168.75, 9999.0, 9999.0, 8.0, 9999.0, 9999.0, 26.0
2017-05-18 23:30:49, 164.25, 168.75, 9999.0, 9999.0, 8.25, 9999.0, 9999.0, 26.0
2017-05-18 23:30:51, 164.25, 168.75, 9999.0, 9999.0, 8.0, 9999.0, 9999.0, 26.0
2017-05-18 23:30:53, 164.25, 168.75, 9999.0, 9999.0, 8.0, 9999.0, 9999.0, 26.0
2017-05-18 23:30:55, 164.25, 168.75, 9999.0, 9999.0, 8.0, 9999.0, 9999.0, 26.0
2017-05-18 23:30:57, 164.25, 168.75, 9999.0, 9999.0, 8.0, 9999.0, 9999.0, 25.75
2017-05-18 23:30:59, 164.25, 168.75, 9999.0, 9999.0, 7.75, 9999.0, 9999.0, 25.75
2017-05-18 23:31:01, 164.25, 168.75, 9999.0, 9999.0, 8.0, 9999.0, 9999.0, 25.75
2017-05-18 23:31:03, 164.25, 168.75, 9999.0, 9999.0, 7.75, 9999.0, 9999.0, 25.75
2017-05-18 23:31:05, 164.25, 168.75, 9999.0, 9999.0, 7.75, 9999.0, 9999.0, 25.75
2017-05-18 23:31:07, 164.25, 168.75, 9999.0, 9999.0, 7.75, 9999.0, 9999.0, 25.5
2017-05-18 23:31:09, 164.25, 168.75, 9999.0, 9999.0, 7.75, 9999.0, 9999.0, 25.5
2017-05-18 23:31:11, 164.25, 168.75, 9999.0, 9999.0, 7.75, 9999.0, 9999.0, 25.5
2017-05-18 23:31:13, 164.25, 168.75, 9999.0, 9999.0, 7.5, 9999.0, 9999.0, 25.5
2017-05-18 23:31:15, 164.25, 168.75, 9999.0, 9999.0, 7.5, 9999.0, 9999.0, 25.5
2017-05-18 23:31:18, 164.25, 168.75, 9999.0, 9999.0, 7.5, 9999.0, 9999.0, 25.5
2017-05-18 23:31:20, 164.25, 168.75, 9999.0, 9999.0, 7.75, 9999.0, 9999.0, 25.5
2017-05-18 23:31:22, 164.25, 168.75, 9999.0, 9999.0, 7.75, 9999.0, 9999.0, 25.5
2017-05-18 23:31:24, 164.25, 168.75, 9999.0, 9999.0, 7.75, 9999.0, 9999.0, 25.5
2017-05-18 23:31:26, 164.25, 168.75, 9999.0, 9999.0, 7.75, 9999.0, 9999.0, 25.5
2017-05-18 23:31:28, 164.25, 168.75, 9999.0, 9999.0, 7.75, 9999.0, 9999.0, 25.5
2017-05-18 23:31:30, 164.25, 168.75, 9999.0, 9999.0, 7.75, 9999.0, 9999.0, 25.5
2017-05-18 23:31:32, 164.25, 168.75, 9999.0, 9999.0, 8.5, 9999.0, 9999.0, 25.5
2017-05-18 23:31:34, 164.5, 168.75, 9999.0, 9999.0, 8.25, 9999.0, 9999.0, 25.5
2017-05-18 23:31:36, 164.25, 168.75, 9999.0, 9999.0, 8.25, 9999.0, 9999.0, 25.5
2017-05-18 23:31:38, 164.25, 168.75, 9999.0, 9999.0, 8.25, 9999.0, 9999.0, 26.0
2017-05-18 23:31:40, 164.25, 168.75, 9999.0, 9999.0, 8.0, 9999.0, 9999.0, 26.0
2017-05-18 23:31:42, 164.25, 168.75, 9999.0, 9999.0, 8.0, 9999.0, 9999.0, 26.0
2017-05-18 23:31:44, 164.25, 168.75, 9999.0, 9999.0, 8.25, 9999.0, 9999.0, 26.0
2017-05-18 23:31:46, 164.25, 168.75, 9999.0, 9999.0, 8.0, 9999.0, 9999.0, 26.0
2017-05-18 23:31:48, 164.25, 168.75, 9999.0, 9999.0, 8.0, 9999.0, 9999.0, 26.0
2017-05-18 23:31:50, 164.25, 168.75, 9999.0, 9999.0, 8.0, 9999.0, 9999.0, 25.75
2017-05-18 23:31:53, 164.25, 168.75, 9999.0, 9999.0, 8.0, 9999.0, 9999.0, 25.75
2017-05-18 23:31:55, 164.25, 168.75, 9999.0, 9999.0, 7.75, 9999.0, 9999.0, 25.75
2017-05-18 23:31:57, 164.25, 168.75, 9999.0, 9999.0, 7.75, 9999.0, 9999.0, 25.75
2017-05-18 23:31:59, 164.25, 168.75, 9999.0, 9999.0, 7.75, 9999.0, 9999.0, 25.75
2017-05-18 23:32:01, 164.25, 168.75, 9999.0, 9999.0, 7.75, 9999.0, 9999.0, 25.75
2017-05-18 23:32:03, 164.25, 168.75, 9999.0, 9999.0, 7.75, 9999.0, 9999.0, 25.5
2017-05-18 23:32:05, 164.25, 168.75, 9999.0, 9999.0, 7.75, 9999.0, 9999.0, 25.5
2017-05-18 23:32:07, 164.25, 168.75, 9999.0, 9999.0, 7.75, 9999.0, 9999.0, 25.5
2017-05-18 23:32:09, 164.25, 168.75, 9999.0, 9999.0, 7.5, 9999.0, 9999.0, 25.5
2017-05-18 23:32:11, 164.25, 168.75, 9999.0, 9999.0, 7.5, 9999.0, 9999.0, 25.5
2017-05-18 23:32:13, 164.25, 168.75, 9999.0, 9999.0, 7.75, 9999.0, 9999.0, 25.5
2017-05-18 23:32:15, 164.25, 168.75, 9999.0, 9999.0, 7.75, 9999.0, 9999.0, 25.5
2017-05-18 23:32:17, 164.25, 168.75, 9999.0, 9999.0, 7.75, 9999.0, 9999.0, 25.25
2017-05-18 23:32:19, 164.25, 168.75, 9999.0, 9999.0, 7.75, 9999.0, 9999.0, 25.5
2017-05-18 23:32:21, 164.25, 168.75, 9999.0, 9999.0, 7.75, 9999.0, 9999.0, 25.5
2017-05-18 23:32:23, 164.5, 168.75, 9999.0, 9999.0, 7.75, 9999.0, 9999.0, 25.5
2017-05-18 23:32:25, 164.5, 168.75, 9999.0, 9999.0, 7.5, 9999.0, 9999.0, 25.5
2017-05-18 23:32:27, 164.5, 168.75, 9999.0, 9999.0, 8.25, 9999.0, 9999.0, 25.5
2017-05-18 23:32:30, 164.5, 168.75, 9999.0, 9999.0, 8.25, 9999.0, 9999.0, 25.5
2017-05-18 23:32:32, 164.25, 168.75, 9999.0, 9999.0, 8.25, 9999.0, 9999.0, 25.5
2017-05-18 23:32:34, 164.25, 168.75, 9999.0, 9999.0, 8.25, 9999.0, 9999.0, 26.0
2017-05-18 23:32:36, 164.25, 168.75, 9999.0, 9999.0, 8.0, 9999.0, 9999.0, 26.25
2017-05-18 23:32:38, 164.5, 169.0, 9999.0, 9999.0, 8.25, 9999.0, 9999.0, 26.0
2017-05-18 23:32:40, 164.25, 168.75, 9999.0, 9999.0, 8.0, 9999.0, 9999.0, 26.0
2017-05-18 23:32:42, 164.25, 168.75, 9999.0, 9999.0, 8.0, 9999.0, 9999.0, 26.0
2017-05-18 23:32:44, 164.25, 168.75, 9999.0, 9999.0, 8.0, 9999.0, 9999.0, 25.75
2017-05-18 23:32:46, 164.25, 168.75, 9999.0, 9999.0, 8.0, 9999.0, 9999.0, 25.75
2017-05-18 23:32:48, 164.25, 168.75, 9999.0, 9999.0, 8.0, 9999.0, 9999.0, 25.75
2017-05-18 23:32:50, 166.75, 168.75, 9999.0, 9999.0, 8.0, 9999.0, 9999.0, 25.75
2017-05-18 23:32:52, 164.25, 168.75, 9999.0, 9999.0, 7.75, 9999.0, 9999.0, 25.75
2017-05-18 23:32:54, 164.25, 168.75, 9999.0, 9999.0, 7.75, 9999.0, 9999.0, 25.5
2017-05-18 23:32:56, 164.25, 168.75, 9999.0, 9999.0, 7.75, 9999.0, 9999.0, 25.5
2017-05-18 23:32:58, 164.5, 168.75, 9999.0, 9999.0, 7.75, 9999.0, 9999.0, 25.75
2017-05-18 23:33:00, 164.5, 168.75, 9999.0, 9999.0, 7.75, 9999.0, 9999.0, 25.5
2017-05-18 23:33:02, 164.5, 168.75, 9999.0, 9999.0, 7.75, 9999.0, 9999.0, 25.5
2017-05-18 23:33:04, 164.25, 168.75, 9999.0, 9999.0, 7.75, 9999.0, 9999.0, 25.5
2017-05-18 23:33:06, 164.25, 168.75, 9999.0, 9999.0, 7.75, 9999.0, 9999.0, 25.5
2017-05-18 23:33:09, 165.25, 168.75, 9999.0, 9999.0, 7.75, 9999.0, 9999.0, 25.5
2017-05-18 23:33:11, 164.25, 168.75, 9999.0, 9999.0, 7.75, 9999.0, 9999.0, 25.5
2017-05-18 23:33:13, 164.25, 168.75, 9999.0, 9999.0, 7.5, 9999.0, 9999.0, 25.25
2017-05-18 23:33:15, 164.25, 168.75, 9999.0, 9999.0, 7.75, 9999.0, 9999.0, 25.5
2017-05-18 23:33:17, 164.5, 168.75, 9999.0, 9999.0, 7.75, 9999.0, 9999.0, 25.5
2017-05-18 23:33:19, 164.5, 168.75, 9999.0, 9999.0, 7.75, 9999.0, 9999.0, 25.5
2017-05-18 23:33:21, 164.25, 168.75, 9999.0, 9999.0, 8.25, 9999.0, 9999.0, 25.5
2017-05-18 23:33:23, 164.5, 168.75, 9999.0, 9999.0, 8.25, 9999.0, 9999.0, 25.5
2017-05-18 23:33:25, 164.5, 168.75, 9999.0, 9999.0, 8.25, 9999.0, 9999.0, 25.5
2017-05-18 23:33:27, 164.25, 169.0, 9999.0, 9999.0, 8.25, 9999.0, 9999.0, 26.0
2017-05-18 23:33:29, 164.25, 168.75, 9999.0, 9999.0, 8.0, 9999.0, 9999.0, 26.0
2017-05-18 23:33:31, 164.25, 168.75, 9999.0, 9999.0, 8.25, 9999.0, 9999.0, 26.0
2017-05-18 23:33:33, 164.5, 168.75, 9999.0, 9999.0, 8.0, 9999.0, 9999.0, 26.0
2017-05-18 23:33:35, 164.25, 168.75, 9999.0, 9999.0, 8.0, 9999.0, 9999.0, 26.0
2017-05-18 23:33:37, 164.25, 169.0, 9999.0, 9999.0, 8.0, 9999.0, 9999.0, 26.0
2017-05-18 23:33:39, 164.25, 168.75, 9999.0, 9999.0, 8.0, 9999.0, 9999.0, 25.75
2017-05-18 23:33:41, 164.5, 168.75, 9999.0, 9999.0, 8.0, 9999.0, 9999.0, 25.75
2017-05-18 23:33:43, 164.25, 168.75, 9999.0, 9999.0, 8.0, 9999.0, 9999.0, 25.75
2017-05-18 23:33:46, 164.25, 168.75, 9999.0, 9999.0, 7.75, 9999.0, 9999.0, 25.75
2017-05-18 23:33:48, 164.25, 168.75, 9999.0, 9999.0, 8.0, 9999.0, 9999.0, 25.5
2017-05-18 23:33:50, 164.25, 168.75, 9999.0, 9999.0, 7.75, 9999.0, 9999.0, 25.5
2017-05-18 23:33:52, 164.5, 168.75, 9999.0, 9999.0, 7.75, 9999.0, 9999.0, 25.5
2017-05-18 23:33:54, 164.5, 168.75, 9999.0, 9999.0, 7.75, 9999.0, 9999.0, 25.5
2017-05-18 23:33:56, 164.25, 168.75, 9999.0, 9999.0, 7.75, 9999.0, 9999.0, 25.5
2017-05-18 23:33:58, 164.25, 168.75, 9999.0, 9999.0, 7.5, 9999.0, 9999.0, 25.5
2017-05-18 23:34:00, 164.5, 168.75, 9999.0, 9999.0, 7.5, 9999.0, 9999.0, 25.5
2017-05-18 23:34:02, 164.25, 168.75, 9999.0, 9999.0, 7.75, 9999.0, 9999.0, 25.5
2017-05-18 23:34:04, 164.25, 168.75, 9999.0, 9999.0, 7.75, 9999.0, 9999.0, 25.25
2017-05-18 23:34:06, 164.25, 168.75, 9999.0, 9999.0, 7.75, 9999.0, 9999.0, 25.5
2017-05-18 23:34:08, 164.5, 168.75, 9999.0, 9999.0, 7.75, 9999.0, 9999.0, 25.5
2017-05-18 23:34:10, 164.5, 169.0, 9999.0, 9999.0, 7.75, 9999.0, 9999.0, 25.75
2017-05-18 23:34:12, 164.5, 168.75, 9999.0, 9999.0, 7.75, 9999.0, 9999.0, 25.5
2017-05-18 23:34:14, 164.25, 168.75, 9999.0, 9999.0, 7.75, 9999.0, 9999.0, 25.5
2017-05-18 23:34:16, 164.5, 169.0, 9999.0, 9999.0, 8.25, 9999.0, 9999.0, 25.5
2017-05-18 23:34:18, 164.25, 168.75, 9999.0, 9999.0, 8.25, 9999.0, 9999.0, 25.5
2017-05-18 23:34:20, 164.25, 168.75, 9999.0, 9999.0, 8.25, 9999.0, 9999.0, 25.5
2017-05-18 23:34:22, 164.25, 168.75, 9999.0, 9999.0, 8.25, 9999.0, 9999.0, 26.0
2017-05-18 23:34:24, 164.5, 168.75, 9999.0, 9999.0, 8.25, 9999.0, 9999.0, 26.0
2017-05-18 23:34:26, 164.5, 169.0, 9999.0, 9999.0, 8.0, 9999.0, 9999.0, 26.0
2017-05-18 23:34:29, 164.5, 168.75, 9999.0, 9999.0, 8.0, 9999.0, 9999.0, 26.0
2017-05-18 23:34:31, 164.25, 168.75, 9999.0, 9999.0, 8.0, 9999.0, 9999.0, 25.75
2017-05-18 23:34:33, 164.25, 168.75, 9999.0, 9999.0, 8.0, 9999.0, 9999.0, 25.75
2017-05-18 23:34:35, 164.25, 168.75, 9999.0, 9999.0, 8.0, 9999.0, 9999.0, 25.75
2017-05-18 23:34:37, 164.25, 168.75, 9999.0, 9999.0, 8.0, 9999.0, 9999.0, 25.75
2017-05-18 23:34:39, 164.25, 168.75, 9999.0, 9999.0, 8.0, 9999.0, 9999.0, 25.75
2017-05-18 23:34:41, 164.25, 168.75, 9999.0, 9999.0, 7.75, 9999.0, 9999.0, 25.75
2017-05-18 23:34:43, 164.25, 168.75, 9999.0, 9999.0, 7.75, 9999.0, 9999.0, 25.5
2017-05-18 23:34:45, 164.5, 168.75, 9999.0, 9999.0, 7.75, 9999.0, 9999.0, 25.5
2017-05-18 23:34:47, 164.25, 168.75, 9999.0, 9999.0, 7.75, 9999.0, 9999.0, 25.5
2017-05-18 23:34:49, 164.25, 168.75, 9999.0, 9999.0, 7.75, 9999.0, 9999.0, 25.5
2017-05-18 23:34:51, 164.5, 168.75, 9999.0, 9999.0, 7.75, 9999.0, 9999.0, 25.5
2017-05-18 23:34:53, 164.25, 168.75, 9999.0, 9999.0, 7.5, 9999.0, 9999.0, 25.5
2017-05-18 23:34:55, 164.25, 168.75, 9999.0, 9999.0, 7.75, 9999.0, 9999.0, 25.5
2017-05-18 23:34:57, 164.25, 168.75, 9999.0, 9999.0, 7.75, 9999.0, 9999.0, 25.5
2017-05-18 23:34:59, 164.25, 168.75, 9999.0, 9999.0, 7.75, 9999.0, 9999.0, 25.5
2017-05-18 23:35:01, 164.5, 168.75, 9999.0, 9999.0, 7.75, 9999.0, 9999.0, 25.5
2017-05-18 23:35:03, 164.5, 168.75, 9999.0, 9999.0, 7.75, 9999.0, 9999.0, 25.5
2017-05-18 23:35:05, 164.5, 169.0, 9999.0, 9999.0, 7.75, 9999.0, 9999.0, 25.5
2017-05-18 23:35:08, 164.5, 169.0, 9999.0, 9999.0, 7.75, 9999.0, 9999.0, 25.5
2017-05-18 23:35:10, 164.5, 168.75, 9999.0, 9999.0, 8.25, 9999.0, 9999.0, 25.5
2017-05-18 23:35:12, 164.5, 169.0, 9999.0, 9999.0, 8.25, 9999.0, 9999.0, 25.5
2017-05-18 23:35:14, 164.5, 169.0, 9999.0, 9999.0, 8.25, 9999.0, 9999.0, 25.5
2017-05-18 23:35:16, 164.5, 169.0, 9999.0, 9999.0, 8.25, 9999.0, 9999.0, 26.0
2017-05-18 23:35:18, 164.5, 168.75, 9999.0, 9999.0, 8.25, 9999.0, 9999.0, 26.0
2017-05-18 23:35:20, 164.5, 168.75, 9999.0, 9999.0, 8.25, 9999.0, 9999.0, 26.0
2017-05-18 23:35:22, 164.5, 168.75, 9999.0, 9999.0, 8.0, 9999.0, 9999.0, 26.0
2017-05-18 23:35:24, 164.25, 168.75, 9999.0, 9999.0, 8.0, 9999.0, 9999.0, 26.0
2017-05-18 23:35:26, 164.25, 169.0, 9999.0, 9999.0, 8.0, 9999.0, 9999.0, 26.0
2017-05-18 23:35:28, 164.25, 168.75, 9999.0, 9999.0, 8.0, 9999.0, 9999.0, 25.75
2017-05-18 23:35:30, 164.25, 169.0, 9999.0, 9999.0, 8.0, 9999.0, 9999.0, 25.75
2017-05-18 23:35:32, 164.5, 169.0, 9999.0, 9999.0, 7.75, 9999.0, 9999.0, 25.75
2017-05-18 23:35:34, 164.5, 169.0, 9999.0, 9999.0, 7.75, 9999.0, 9999.0, 25.75
2017-05-18 23:35:36, 164.5, 168.75, 9999.0, 9999.0, 7.75, 9999.0, 9999.0, 25.75
2017-05-18 23:35:38, 164.5, 168.75, 9999.0, 9999.0, 7.75, 9999.0, 9999.0, 25.5
2017-05-18 23:35:40, 164.5, 168.75, 9999.0, 9999.0, 7.75, 9999.0, 9999.0, 25.5
2017-05-18 23:35:42, 164.5, 168.75, 9999.0, 9999.0, 7.75, 9999.0, 9999.0, 25.5
2017-05-18 23:35:44, 164.5, 168.75, 9999.0, 9999.0, 7.5, 9999.0, 9999.0, 25.5
2017-05-18 23:35:46, 164.25, 168.75, 9999.0, 9999.0, 7.5, 9999.0, 9999.0, 25.5
2017-05-18 23:35:49, 164.25, 168.75, 9999.0, 9999.0, 7.75, 9999.0, 9999.0, 25.5
2017-05-18 23:35:51, 164.25, 168.75, 9999.0, 9999.0, 7.75, 9999.0, 9999.0, 25.0
2017-05-18 23:35:53, 164.25, 168.75, 9999.0, 9999.0, 7.75, 9999.0, 9999.0, 25.5
2017-05-18 23:35:55, 164.25, 168.75, 9999.0, 9999.0, 8.0, 9999.0, 9999.0, 25.5
2017-05-18 23:35:57, 164.5, 169.0, 9999.0, 9999.0, 7.75, 9999.0, 9999.0, 25.5
2017-05-18 23:35:59, 164.5, 169.0, 9999.0, 9999.0, 7.75, 9999.0, 9999.0, 25.5
2017-05-18 23:36:01, 164.5, 169.0, 9999.0, 9999.0, 7.75, 9999.0, 9999.0, 25.5
2017-05-18 23:36:03, 164.5, 168.75, 9999.0, 9999.0, 7.5, 9999.0, 9999.0, 25.5
2017-05-18 23:36:05, 164.5, 168.75, 9999.0, 9999.0, 8.25, 9999.0, 9999.0, 25.5
2017-05-18 23:36:07, 164.5, 169.0, 9999.0, 9999.0, 8.25, 9999.0, 9999.0, 25.5
2017-05-18 23:36:09, 164.5, 168.75, 9999.0, 9999.0, 8.25, 9999.0, 9999.0, 25.5
2017-05-18 23:36:11, 164.5, 169.0, 9999.0, 9999.0, 8.25, 9999.0, 9999.0, 26.0
2017-05-18 23:36:13, 164.5, 168.75, 9999.0, 9999.0, 8.0, 9999.0, 9999.0, 26.0
2017-05-18 23:36:15, 164.5, 168.75, 9999.0, 9999.0, 8.25, 9999.0, 9999.0, 26.0
2017-05-18 23:36:17, 164.5, 168.75, 9999.0, 9999.0, 8.0, 9999.0, 9999.0, 26.0
2017-05-18 23:36:19, 164.25, 169.0, 9999.0, 9999.0, 8.0, 9999.0, 9999.0, 26.0
2017-05-18 23:36:21, 164.5, 168.75, 9999.0, 9999.0, 8.0, 9999.0, 9999.0, 25.75
2017-05-18 23:36:23, 164.25, 169.0, 9999.0, 9999.0, 8.0, 9999.0, 9999.0, 25.75
2017-05-18 23:36:25, 164.25, 168.75, 9999.0, 9999.0, 7.75, 9999.0, 9999.0, 25.75
2017-05-18 23:36:27, 164.25, 169.0, 9999.0, 9999.0, 8.0, 9999.0, 9999.0, 25.75
2017-05-18 23:36:30, 164.25, 168.75, 9999.0, 9999.0, 7.75, 9999.0, 9999.0, 25.75
2017-05-18 23:36:32, 164.25, 169.0, 9999.0, 9999.0, 7.75, 9999.0, 9999.0, 25.75
2017-05-18 23:36:34, 164.5, 169.0, 9999.0, 9999.0, 7.75, 9999.0, 9999.0, 25.5
2017-05-18 23:36:36, 164.5, 168.75, 9999.0, 9999.0, 7.75, 9999.0, 9999.0, 25.5
2017-05-18 23:36:38, 164.5, 168.75, 9999.0, 9999.0, 7.75, 9999.0, 9999.0, 25.5
2017-05-18 23:36:40, 164.5, 168.75, 9999.0, 9999.0, 7.5, 9999.0, 9999.0, 25.5
2017-05-18 23:36:42, 164.5, 168.75, 9999.0, 9999.0, 7.75, 9999.0, 9999.0, 25.5
2017-05-18 23:36:44, 164.5, 168.75, 9999.0, 9999.0, 7.75, 9999.0, 9999.0, 25.5
2017-05-18 23:36:46, 164.5, 168.75, 9999.0, 9999.0, 7.75, 9999.0, 9999.0, 25.5
2017-05-18 23:36:48, 164.25, 168.75, 9999.0, 9999.0, 7.75, 9999.0, 9999.0, 25.25
2017-05-18 23:36:50, 164.5, 168.75, 9999.0, 9999.0, 7.75, 9999.0, 9999.0, 25.5
2017-05-18 23:36:52, 164.25, 169.0, 9999.0, 9999.0, 7.75, 9999.0, 9999.0, 25.5
2017-05-18 23:36:54, 164.5, 169.0, 9999.0, 9999.0, 7.75, 9999.0, 9999.0, 25.5
2017-05-18 23:36:56, 164.5, 169.0, 9999.0, 9999.0, 7.75, 9999.0, 9999.0, 25.5
2017-05-18 23:36:58, 164.5, 169.0, 9999.0, 9999.0, 8.25, 9999.0, 9999.0, 25.5
2017-05-18 23:37:00, 164.5, 169.0, 9999.0, 9999.0, 8.25, 9999.0, 9999.0, 25.5
2017-05-18 23:37:02, 164.5, 169.0, 9999.0, 9999.0, 8.25, 9999.0, 9999.0, 25.5
2017-05-18 23:37:04, 164.5, 169.0, 9999.0, 9999.0, 8.25, 9999.0, 9999.0, 26.0
2017-05-18 23:37:06, 164.5, 169.0, 9999.0, 9999.0, 8.0, 9999.0, 9999.0, 26.0
2017-05-18 23:37:08, 164.5, 169.0, 9999.0, 9999.0, 8.0, 9999.0, 9999.0, 26.0
2017-05-18 23:37:11, 164.5, 169.0, 9999.0, 9999.0, 8.0, 9999.0, 9999.0, 26.0
2017-05-18 23:37:13, 164.5, 169.0, 9999.0, 9999.0, 8.0, 9999.0, 9999.0, 25.75
2017-05-18 23:37:15, 164.5, 169.0, 9999.0, 9999.0, 8.0, 9999.0, 9999.0, 25.75
2017-05-18 23:37:17, 164.5, 169.0, 9999.0, 9999.0, 8.0, 9999.0, 9999.0, 25.75
2017-05-18 23:37:19, 164.5, 169.0, 9999.0, 9999.0, 7.75, 9999.0, 9999.0, 25.75
2017-05-18 23:37:21, 164.25, 169.0, 9999.0, 9999.0, 8.0, 9999.0, 9999.0, 25.75
2017-05-18 23:37:23, 164.25, 169.0, 9999.0, 9999.0, 7.75, 9999.0, 9999.0, 25.75
2017-05-18 23:37:25, 164.25, 169.0, 9999.0, 9999.0, 7.75, 9999.0, 9999.0, 25.5
2017-05-18 23:37:27, 164.5, 169.0, 9999.0, 9999.0, 7.75, 9999.0, 9999.0, 25.75
2017-05-18 23:37:29, 164.5, 169.0, 9999.0, 9999.0, 7.75, 9999.0, 9999.0, 25.5
2017-05-18 23:37:31, 164.5, 169.0, 9999.0, 9999.0, 7.75, 9999.0, 9999.0, 25.5
2017-05-18 23:37:33, 164.5, 169.0, 9999.0, 9999.0, 7.75, 9999.0, 9999.0, 25.5
2017-05-18 23:37:35, 164.5, 169.0, 9999.0, 9999.0, 7.75, 9999.0, 9999.0, 25.5
2017-05-18 23:37:37, 164.5, 169.0, 9999.0, 9999.0, 7.5, 9999.0, 9999.0, 25.5
2017-05-18 23:37:39, 164.5, 168.75, 9999.0, 9999.0, 7.75, 9999.0, 9999.0, 25.5
2017-05-18 23:37:41, 164.5, 169.0, 9999.0, 9999.0, 7.75, 9999.0, 9999.0, 25.5
2017-05-18 23:37:44, 164.5, 168.75, 9999.0, 9999.0, 7.75, 9999.0, 9999.0, 25.5
2017-05-18 23:37:46, 164.5, 168.75, 9999.0, 9999.0, 7.75, 9999.0, 9999.0, 25.5
2017-05-18 23:37:48, 164.5, 169.0, 9999.0, 9999.0, 7.75, 9999.0, 9999.0, 25.5
2017-05-18 23:37:50, 164.5, 169.0, 9999.0, 9999.0, 7.75, 9999.0, 9999.0, 25.5
2017-05-18 23:37:52, 164.5, 169.0, 9999.0, 9999.0, 7.75, 9999.0, 9999.0, 27.0
2017-05-18 23:37:54, 164.5, 169.0, 9999.0, 9999.0, 8.25, 9999.0, 9999.0, 25.5
2017-05-18 23:37:56, 164.5, 169.0, 9999.0, 9999.0, 8.25, 9999.0, 9999.0, 25.5
2017-05-18 23:37:58, 164.5, 169.0, 9999.0, 9999.0, 8.25, 9999.0, 9999.0, 26.0
2017-05-18 23:38:00, 164.5, 169.0, 9999.0, 9999.0, 8.25, 9999.0, 9999.0, 26.0
2017-05-18 23:38:02, 164.5, 169.0, 9999.0, 9999.0, 8.0, 9999.0, 9999.0, 26.0
2017-05-18 23:38:04, 164.5, 169.0, 9999.0, 9999.0, 8.0, 9999.0, 9999.0, 26.0
2017-05-18 23:38:06, 164.5, 169.0, 9999.0, 9999.0, 8.0, 9999.0, 9999.0, 26.0
2017-05-18 23:38:08, 164.5, 169.0, 9999.0, 9999.0, 8.0, 9999.0, 9999.0, 25.75
2017-05-18 23:38:10, 164.5, 169.0, 9999.0, 9999.0, 8.0, 9999.0, 9999.0, 25.75
2017-05-18 23:38:12, 164.5, 169.0, 9999.0, 9999.0, 7.75, 9999.0, 9999.0, 25.75
2017-05-18 23:38:14, 164.25, 169.0, 9999.0, 9999.0, 7.75, 9999.0, 9999.0, 25.75
2017-05-18 23:38:16, 164.5, 169.0, 9999.0, 9999.0, 7.75, 9999.0, 9999.0, 25.75
2017-05-18 23:38:18, 164.25, 169.0, 9999.0, 9999.0, 7.75, 9999.0, 9999.0, 25.75
2017-05-18 23:38:20, 164.5, 169.0, 9999.0, 9999.0, 7.75, 9999.0, 9999.0, 25.75
2017-05-18 23:38:22, 164.5, 169.0, 9999.0, 9999.0, 7.75, 9999.0, 9999.0, 25.5
2017-05-18 23:38:25, 164.5, 169.0, 9999.0, 9999.0, 7.75, 9999.0, 9999.0, 25.5
2017-05-18 23:38:27, 164.5, 169.0, 9999.0, 9999.0, 7.75, 9999.0, 9999.0, 25.5
2017-05-18 23:38:29, 164.5, 169.0, 9999.0, 9999.0, 7.5, 9999.0, 9999.0, 25.5
2017-05-18 23:38:31, 164.5, 169.0, 9999.0, 9999.0, 7.5, 9999.0, 9999.0, 25.5
2017-05-18 23:38:33, 164.5, 169.0, 9999.0, 9999.0, 7.75, 9999.0, 9999.0, 25.5
2017-05-18 23:38:35, 164.5, 169.0, 9999.0, 9999.0, 7.75, 9999.0, 9999.0, 25.5
2017-05-18 23:38:37, 164.5, 169.0, 9999.0, 9999.0, 7.75, 9999.0, 9999.0, 25.5
2017-05-18 23:38:39, 164.5, 169.0, 9999.0, 9999.0, 7.75, 9999.0, 9999.0, 25.5
2017-05-18 23:38:41, 164.5, 169.0, 9999.0, 9999.0, 7.75, 9999.0, 9999.0, 25.5
2017-05-18 23:38:43, 164.5, 169.0, 9999.0, 9999.0, 7.75, 9999.0, 9999.0, 25.5
2017-05-18 23:38:45, 164.5, 169.0, 9999.0, 9999.0, 7.75, 9999.0, 9999.0, 25.5
2017-05-18 23:38:47, 164.5, 169.0, 9999.0, 9999.0, 7.75, 9999.0, 9999.0, 25.5
2017-05-18 23:38:49, 164.5, 169.0, 9999.0, 9999.0, 8.25, 9999.0, 9999.0, 25.5
2017-05-18 23:38:51, 164.5, 169.0, 9999.0, 9999.0, 8.25, 9999.0, 9999.0, 25.5
2017-05-18 23:38:53, 164.5, 169.0, 9999.0, 9999.0, 8.25, 9999.0, 9999.0, 26.0
2017-05-18 23:38:55, 164.5, 169.0, 9999.0, 9999.0, 8.25, 9999.0, 9999.0, 26.0
2017-05-18 23:38:57, 164.5, 169.0, 9999.0, 9999.0, 8.0, 9999.0, 9999.0, 26.0
2017-05-18 23:38:59, 164.5, 169.0, 9999.0, 9999.0, 8.0, 9999.0, 9999.0, 26.0
2017-05-18 23:39:01, 164.5, 169.0, 9999.0, 9999.0, 8.0, 9999.0, 9999.0, 26.0
2017-05-18 23:39:04, 164.5, 169.0, 9999.0, 9999.0, 8.0, 9999.0, 9999.0, 25.75
2017-05-18 23:39:06, 164.25, 169.0, 9999.0, 9999.0, 8.0, 9999.0, 9999.0, 25.75
2017-05-18 23:39:08, 164.5, 169.0, 9999.0, 9999.0, 7.75, 9999.0, 9999.0, 25.75
2017-05-18 23:39:10, 164.25, 169.0, 9999.0, 9999.0, 7.75, 9999.0, 9999.0, 25.5
2017-05-18 23:39:12, 164.25, 169.0, 9999.0, 9999.0, 7.75, 9999.0, 9999.0, 25.75
2017-05-18 23:39:14, 164.5, 169.0, 9999.0, 9999.0, 7.75, 9999.0, 9999.0, 25.75
2017-05-18 23:39:16, 164.5, 169.0, 9999.0, 9999.0, 7.75, 9999.0, 9999.0, 25.75
2017-05-18 23:39:18, 164.5, 169.0, 9999.0, 9999.0, 7.75, 9999.0, 9999.0, 25.5
2017-05-18 23:39:20, 164.5, 169.0, 9999.0, 9999.0, 7.75, 9999.0, 9999.0, 25.5
2017-05-18 23:39:22, 164.5, 169.0, 9999.0, 9999.0, 7.75, 9999.0, 9999.0, 25.5
2017-05-18 23:39:24, 164.5, 169.0, 9999.0, 9999.0, 7.5, 9999.0, 9999.0, 25.5
2017-05-18 23:39:26, 164.5, 169.0, 9999.0, 9999.0, 7.5, 9999.0, 9999.0, 25.5
2017-05-18 23:39:28, 164.5, 169.0, 9999.0, 9999.0, 7.75, 9999.0, 9999.0, 25.25
2017-05-18 23:39:30, 164.5, 169.0, 9999.0, 9999.0, 7.75, 9999.0, 9999.0, 25.25
2017-05-18 23:39:32, 164.5, 169.0, 9999.0, 9999.0, 7.75, 9999.0, 9999.0, 25.5
2017-05-18 23:39:34, 164.5, 169.0, 9999.0, 9999.0, 7.75, 9999.0, 9999.0, 25.5
2017-05-18 23:39:36, 164.5, 169.0, 9999.0, 9999.0, 7.75, 9999.0, 9999.0, 25.5
2017-05-18 23:39:38, 164.5, 169.0, 9999.0, 9999.0, 7.75, 9999.0, 9999.0, 25.5
2017-05-18 23:39:41, 164.5, 169.0, 9999.0, 9999.0, 7.75, 9999.0, 9999.0, 25.5
2017-05-18 23:39:43, 164.5, 169.0, 9999.0, 9999.0, 8.25, 9999.0, 9999.0, 25.5
2017-05-18 23:39:45, 164.5, 169.0, 9999.0, 9999.0, 8.25, 9999.0, 9999.0, 25.5
2017-05-18 23:39:47, 164.5, 169.0, 9999.0, 9999.0, 8.25, 9999.0, 9999.0, 26.0
2017-05-18 23:39:49, 164.5, 169.0, 9999.0, 9999.0, 8.25, 9999.0, 9999.0, 26.0
2017-05-18 23:39:51, 164.5, 169.0, 9999.0, 9999.0, 8.0, 9999.0, 9999.0, 26.0
2017-05-18 23:39:53, 164.5, 169.0, 9999.0, 9999.0, 8.0, 9999.0, 9999.0, 25.75
2017-05-18 23:39:55, 164.5, 169.0, 9999.0, 9999.0, 8.0, 9999.0, 9999.0, 25.75
2017-05-18 23:39:57, 164.5, 169.0, 9999.0, 9999.0, 8.0, 9999.0, 9999.0, 26.0
2017-05-18 23:39:59, 164.5, 169.0, 9999.0, 9999.0, 8.0, 9999.0, 9999.0, 25.75
2017-05-18 23:40:01, 164.5, 169.0, 9999.0, 9999.0, 8.0, 9999.0, 9999.0, 25.75
2017-05-18 23:40:03, 164.5, 169.0, 9999.0, 9999.0, 7.75, 9999.0, 9999.0, 25.75
2017-05-18 23:40:05, 164.5, 169.0, 9999.0, 9999.0, 7.75, 9999.0, 9999.0, 25.75
2017-05-18 23:40:07, 164.5, 169.0, 9999.0, 9999.0, 7.75, 9999.0, 9999.0, 25.5
2017-05-18 23:40:09, 164.5, 169.0, 9999.0, 9999.0, 7.75, 9999.0, 9999.0, 25.5
2017-05-18 23:40:11, 164.5, 169.0, 9999.0, 9999.0, 7.75, 9999.0, 9999.0, 25.5
2017-05-18 23:40:13, 164.5, 169.0, 9999.0, 9999.0, 7.75, 9999.0, 9999.0, 25.5
2017-05-18 23:40:15, 164.5, 169.0, 9999.0, 9999.0, 7.5, 9999.0, 9999.0, 25.5
2017-05-18 23:40:18, 164.5, 169.0, 9999.0, 9999.0, 7.75, 9999.0, 9999.0, 25.5
2017-05-18 23:40:20, 164.5, 169.0, 9999.0, 9999.0, 7.5, 9999.0, 9999.0, 25.5
2017-05-18 23:40:22, 164.5, 168.75, 9999.0, 9999.0, 7.75, 9999.0, 9999.0, 25.5
2017-05-18 23:40:24, 164.5, 169.0, 9999.0, 9999.0, 7.75, 9999.0, 9999.0, 25.25
2017-05-18 23:40:26, 164.5, 169.0, 9999.0, 9999.0, 7.75, 9999.0, 9999.0, 25.5
2017-05-18 23:40:28, 164.5, 169.0, 9999.0, 9999.0, 7.75, 9999.0, 9999.0, 25.5
2017-05-18 23:40:30, 164.5, 169.0, 9999.0, 9999.0, 7.75, 9999.0, 9999.0, 25.5
2017-05-18 23:40:32, 164.5, 169.0, 9999.0, 9999.0, 7.75, 9999.0, 9999.0, 25.5
2017-05-18 23:40:34, 164.5, 169.0, 9999.0, 9999.0, 7.75, 9999.0, 9999.0, 25.5
2017-05-18 23:40:36, 164.5, 169.0, 9999.0, 9999.0, 8.25, 9999.0, 9999.0, 25.5
2017-05-18 23:40:38, 164.5, 169.0, 9999.0, 9999.0, 8.25, 9999.0, 9999.0, 25.5
2017-05-18 23:40:40, 164.5, 169.0, 9999.0, 9999.0, 8.25, 9999.0, 9999.0, 25.5
2017-05-18 23:40:42, 164.5, 169.0, 9999.0, 9999.0, 8.25, 9999.0, 9999.0, 26.0
2017-05-18 23:40:44, 164.5, 169.0, 9999.0, 9999.0, 8.0, 9999.0, 9999.0, 26.0
2017-05-18 23:40:46, 164.5, 169.0, 9999.0, 9999.0, 8.0, 9999.0, 9999.0, 26.0
2017-05-18 23:40:48, 164.5, 169.0, 9999.0, 9999.0, 8.0, 9999.0, 9999.0, 26.0
2017-05-18 23:40:50, 164.5, 169.0, 9999.0, 9999.0, 8.0, 9999.0, 9999.0, 25.75
2017-05-18 23:40:52, 164.5, 169.0, 9999.0, 9999.0, 8.0, 9999.0, 9999.0, 25.75
2017-05-18 23:40:54, 164.5, 169.0, 9999.0, 9999.0, 8.0, 9999.0, 9999.0, 25.75
2017-05-18 23:40:56, 164.5, 169.0, 9999.0, 9999.0, 7.75, 9999.0, 9999.0, 25.75
2017-05-18 23:40:59, 164.5, 169.0, 9999.0, 9999.0, 7.75, 9999.0, 9999.0, 25.5
2017-05-18 23:41:01, 164.5, 169.0, 9999.0, 9999.0, 7.75, 9999.0, 9999.0, 25.5
2017-05-18 23:41:03, 164.5, 168.75, 9999.0, 9999.0, 7.75, 9999.0, 9999.0, 25.5
2017-05-18 23:41:05, 164.5, 169.0, 9999.0, 9999.0, 7.75, 9999.0, 9999.0, 25.5
2017-05-18 23:41:07, 164.5, 168.75, 9999.0, 9999.0, 7.75, 9999.0, 9999.0, 25.5
2017-05-18 23:41:09, 164.5, 168.75, 9999.0, 9999.0, 7.75, 9999.0, 9999.0, 25.5
2017-05-18 23:41:11, 164.5, 169.0, 9999.0, 9999.0, 7.5, 9999.0, 9999.0, 25.5
2017-05-18 23:41:13, 164.5, 168.75, 9999.0, 9999.0, 7.75, 9999.0, 9999.0, 25.5
2017-05-18 23:41:15, 164.5, 168.75, 9999.0, 9999.0, 7.5, 9999.0, 9999.0, 25.25
2017-05-18 23:41:17, 164.5, 169.0, 9999.0, 9999.0, 7.75, 9999.0, 9999.0, 25.5
2017-05-18 23:41:19, 164.5, 169.0, 9999.0, 9999.0, 7.75, 9999.0, 9999.0, 25.25
2017-05-18 23:41:21, 164.5, 168.75, 9999.0, 9999.0, 7.75, 9999.0, 9999.0, 25.25
2017-05-18 23:41:23, 164.5, 169.0, 9999.0, 9999.0, 7.75, 9999.0, 9999.0, 25.5
2017-05-18 23:41:25, 164.5, 169.0, 9999.0, 9999.0, 7.75, 9999.0, 9999.0, 25.5
2017-05-18 23:41:27, 164.5, 169.0, 9999.0, 9999.0, 7.5, 9999.0, 9999.0, 25.5
2017-05-18 23:41:29, 164.5, 169.0, 9999.0, 9999.0, 8.25, 9999.0, 9999.0, 25.5
2017-05-18 23:41:31, 164.5, 169.0, 9999.0, 9999.0, 8.25, 9999.0, 9999.0, 25.5
2017-05-18 23:41:33, 164.5, 169.0, 9999.0, 9999.0, 8.25, 9999.0, 9999.0, 25.25
2017-05-18 23:41:35, 164.5, 169.0, 9999.0, 9999.0, 8.25, 9999.0, 9999.0, 26.0
2017-05-18 23:41:38, 164.5, 169.0, 9999.0, 9999.0, 8.25, 9999.0, 9999.0, 26.0
2017-05-18 23:41:40, 164.5, 169.0, 9999.0, 9999.0, 8.0, 9999.0, 9999.0, 26.0
2017-05-18 23:41:42, 164.5, 169.0, 9999.0, 9999.0, 8.0, 9999.0, 9999.0, 26.0
2017-05-18 23:41:44, 164.5, 169.0, 9999.0, 9999.0, 8.0, 9999.0, 9999.0, 25.75
2017-05-18 23:41:46, 164.5, 169.0, 9999.0, 9999.0, 8.0, 9999.0, 9999.0, 25.75
2017-05-18 23:41:48, 164.5, 169.0, 9999.0, 9999.0, 8.0, 9999.0, 9999.0, 25.75
2017-05-18 23:41:50, 164.5, 169.0, 9999.0, 9999.0, 7.75, 9999.0, 9999.0, 25.75
2017-05-18 23:41:52, 164.5, 169.0, 9999.0, 9999.0, 7.75, 9999.0, 9999.0, 25.75
2017-05-18 23:41:54, 164.25, 169.0, 9999.0, 9999.0, 7.75, 9999.0, 9999.0, 25.5
2017-05-18 23:41:56, 164.5, 169.0, 9999.0, 9999.0, 7.75, 9999.0, 9999.0, 25.75
2017-05-18 23:41:58, 164.5, 169.0, 9999.0, 9999.0, 7.75, 9999.0, 9999.0, 25.5
2017-05-18 23:42:00, 164.5, 169.0, 9999.0, 9999.0, 7.75, 9999.0, 9999.0, 25.5
2017-05-18 23:42:02, 164.5, 169.0, 9999.0, 9999.0, 7.5, 9999.0, 9999.0, 25.5
2017-05-18 23:42:04, 164.5, 169.0, 9999.0, 9999.0, 7.75, 9999.0, 9999.0, 25.25
2017-05-18 23:42:06, 164.5, 169.0, 9999.0, 9999.0, 7.5, 9999.0, 9999.0, 25.5
2017-05-18 23:42:08, 164.5, 169.0, 9999.0, 9999.0, 7.5, 9999.0, 9999.0, 25.5
2017-05-18 23:42:10, 164.5, 169.0, 9999.0, 9999.0, 7.75, 9999.0, 9999.0, 25.5
2017-05-18 23:42:12, 164.5, 169.0, 9999.0, 9999.0, 7.75, 9999.0, 9999.0, 25.25
2017-05-18 23:42:15, 164.5, 169.0, 9999.0, 9999.0, 7.75, 9999.0, 9999.0, 25.25
2017-05-18 23:42:17, 164.5, 169.0, 9999.0, 9999.0, 7.75, 9999.0, 9999.0, 25.5
2017-05-18 23:42:19, 164.5, 169.0, 9999.0, 9999.0, 7.75, 9999.0, 9999.0, 25.5
2017-05-18 23:42:21, 164.75, 169.0, 9999.0, 9999.0, 7.75, 9999.0, 9999.0, 25.5
2017-05-18 23:42:23, 164.5, 169.0, 9999.0, 9999.0, 7.75, 9999.0, 9999.0, 25.5
2017-05-18 23:42:25, 164.5, 169.0, 9999.0, 9999.0, 8.25, 9999.0, 9999.0, 25.5
2017-05-18 23:42:27, 164.5, 169.0, 9999.0, 9999.0, 8.25, 9999.0, 9999.0, 25.5
2017-05-18 23:42:29, 164.5, 169.0, 9999.0, 9999.0, 8.25, 9999.0, 9999.0, 25.5
2017-05-18 23:42:31, 164.5, 169.0, 9999.0, 9999.0, 8.25, 9999.0, 9999.0, 26.0
2017-05-18 23:42:33, 164.5, 169.0, 9999.0, 9999.0, 8.0, 9999.0, 9999.0, 26.0
2017-05-18 23:42:35, 164.5, 169.0, 9999.0, 9999.0, 8.0, 9999.0, 9999.0, 25.75
2017-05-18 23:42:37, 164.5, 169.0, 9999.0, 9999.0, 8.0, 9999.0, 9999.0, 26.0
2017-05-18 23:42:39, 164.5, 169.0, 9999.0, 9999.0, 8.0, 9999.0, 9999.0, 26.0
2017-05-18 23:42:41, 164.5, 169.0, 9999.0, 9999.0, 8.0, 9999.0, 9999.0, 25.75
2017-05-18 23:42:43, 164.25, 169.0, 9999.0, 9999.0, 8.0, 9999.0, 9999.0, 25.75
2017-05-18 23:42:45, 164.5, 169.0, 9999.0, 9999.0, 7.75, 9999.0, 9999.0, 25.75
2017-05-18 23:42:47, 164.5, 169.0, 9999.0, 9999.0, 7.75, 9999.0, 9999.0, 25.75
2017-05-18 23:42:49, 164.5, 169.0, 9999.0, 9999.0, 7.75, 9999.0, 9999.0, 25.5
2017-05-18 23:42:51, 164.5, 168.75, 9999.0, 9999.0, 7.75, 9999.0, 9999.0, 25.5
2017-05-18 23:42:54, 164.5, 169.0, 9999.0, 9999.0, 7.75, 9999.0, 9999.0, 25.5
2017-05-18 23:42:56, 164.5, 169.0, 9999.0, 9999.0, 7.75, 9999.0, 9999.0, 25.5
2017-05-18 23:42:58, 164.5, 169.0, 9999.0, 9999.0, 7.75, 9999.0, 9999.0, 25.5
2017-05-18 23:43:00, 164.5, 168.75, 9999.0, 9999.0, 7.75, 9999.0, 9999.0, 25.5
2017-05-18 23:43:02, 164.5, 168.75, 9999.0, 9999.0, 7.5, 9999.0, 9999.0, 25.5
2017-05-18 23:43:04, 164.5, 169.0, 9999.0, 9999.0, 7.5, 9999.0, 9999.0, 25.5
2017-05-18 23:43:06, 164.5, 169.0, 9999.0, 9999.0, 7.75, 9999.0, 9999.0, 25.25
2017-05-18 23:43:08, 164.5, 168.75, 9999.0, 9999.0, 7.75, 9999.0, 9999.0, 25.5
2017-05-18 23:43:10, 164.5, 168.75, 9999.0, 9999.0, 7.75, 9999.0, 9999.0, 25.25
2017-05-18 23:43:12, 164.5, 168.75, 9999.0, 9999.0, 7.75, 9999.0, 9999.0, 25.5
2017-05-18 23:43:14, 164.5, 169.0, 9999.0, 9999.0, 7.75, 9999.0, 9999.0, 25.5
2017-05-18 23:43:16, 164.5, 169.0, 9999.0, 9999.0, 7.5, 9999.0, 9999.0, 25.5
2017-05-18 23:43:18, 164.5, 169.0, 9999.0, 9999.0, 7.75, 9999.0, 9999.0, 25.5
2017-05-18 23:43:20, 164.5, 169.0, 9999.0, 9999.0, 8.25, 9999.0, 9999.0, 25.5
2017-05-18 23:43:22, 164.5, 169.0, 9999.0, 9999.0, 8.25, 9999.0, 9999.0, 25.5
2017-05-18 23:43:24, 164.5, 169.0, 9999.0, 9999.0, 8.25, 9999.0, 9999.0, 26.0
2017-05-18 23:43:26, 164.5, 169.0, 9999.0, 9999.0, 8.25, 9999.0, 9999.0, 26.0
2017-05-18 23:43:28, 164.5, 169.0, 9999.0, 9999.0, 8.25, 9999.0, 9999.0, 26.0
2017-05-18 23:43:31, 164.5, 169.0, 9999.0, 9999.0, 8.0, 9999.0, 9999.0, 25.75
2017-05-18 23:43:33, 164.5, 169.0, 9999.0, 9999.0, 8.0, 9999.0, 9999.0, 25.75
2017-05-18 23:43:35, 164.5, 169.0, 9999.0, 9999.0, 8.0, 9999.0, 9999.0, 25.75
2017-05-18 23:43:37, 164.5, 169.0, 9999.0, 9999.0, 8.0, 9999.0, 9999.0, 25.75
2017-05-18 23:43:39, 164.5, 169.0, 9999.0, 9999.0, 8.0, 9999.0, 9999.0, 25.75
2017-05-18 23:43:41, 164.5, 169.0, 9999.0, 9999.0, 8.0, 9999.0, 9999.0, 25.75
2017-05-18 23:43:43, 164.5, 169.0, 9999.0, 9999.0, 7.75, 9999.0, 9999.0, 25.75
2017-05-18 23:43:45, 164.5, 169.0, 9999.0, 9999.0, 7.75, 9999.0, 9999.0, 25.75
2017-05-18 23:43:47, 164.5, 169.0, 9999.0, 9999.0, 7.75, 9999.0, 9999.0, 25.5
2017-05-18 23:43:49, 164.5, 169.0, 9999.0, 9999.0, 7.75, 9999.0, 9999.0, 25.5
2017-05-18 23:43:51, 164.5, 169.0, 9999.0, 9999.0, 7.75, 9999.0, 9999.0, 25.5
2017-05-18 23:43:53, 164.5, 169.0, 9999.0, 9999.0, 7.75, 9999.0, 9999.0, 25.5
2017-05-18 23:43:55, 164.5, 169.0, 9999.0, 9999.0, 7.5, 9999.0, 9999.0, 25.5
2017-05-18 23:43:57, 164.5, 169.0, 9999.0, 9999.0, 7.5, 9999.0, 9999.0, 25.5
2017-05-18 23:43:59, 164.5, 169.0, 9999.0, 9999.0, 7.5, 9999.0, 9999.0, 25.25
2017-05-18 23:44:01, 164.5, 169.0, 9999.0, 9999.0, 7.75, 9999.0, 9999.0, 25.25
2017-05-18 23:44:03, 164.5, 178.25, 9999.0, 9999.0, 7.75, 9999.0, 9999.0, 25.25
2017-05-18 23:44:06, 164.5, 169.0, 9999.0, 9999.0, 7.75, 9999.0, 9999.0, 25.5
2017-05-18 23:44:08, 164.5, 169.25, 9999.0, 9999.0, 7.75, 9999.0, 9999.0, 25.5
2017-05-18 23:44:10, 164.75, 169.25, 9999.0, 9999.0, 7.5, 9999.0, 9999.0, 25.5
2017-05-18 23:44:12, 164.75, 169.0, 9999.0, 9999.0, 7.5, 9999.0, 9999.0, 25.5
2017-05-18 23:44:14, 164.5, 169.0, 9999.0, 9999.0, 8.25, 9999.0, 9999.0, 25.5
2017-05-18 23:44:16, 164.5, 169.25, 9999.0, 9999.0, 8.25, 9999.0, 9999.0, 25.5
2017-05-18 23:44:18, 164.5, 169.0, 9999.0, 9999.0, 8.25, 9999.0, 9999.0, 25.25
2017-05-18 23:44:20, 164.5, 169.0, 9999.0, 9999.0, 8.25, 9999.0, 9999.0, 26.0
2017-05-18 23:44:22, 164.5, 169.0, 9999.0, 9999.0, 8.0, 9999.0, 9999.0, 26.0
2017-05-18 23:44:24, 164.5, 169.0, 9999.0, 9999.0, 8.0, 9999.0, 9999.0, 26.0
2017-05-18 23:44:26, 164.5, 169.0, 9999.0, 9999.0, 8.0, 9999.0, 9999.0, 26.0
2017-05-18 23:44:28, 164.5, 169.0, 9999.0, 9999.0, 8.0, 9999.0, 9999.0, 25.75
2017-05-18 23:44:30, 164.5, 169.0, 9999.0, 9999.0, 8.0, 9999.0, 9999.0, 25.75
2017-05-18 23:44:32, 164.5, 169.0, 9999.0, 9999.0, 8.0, 9999.0, 9999.0, 25.75
2017-05-18 23:44:34, 164.5, 169.0, 9999.0, 9999.0, 8.0, 9999.0, 9999.0, 25.75
2017-05-18 23:44:36, 164.5, 169.0, 9999.0, 9999.0, 7.75, 9999.0, 9999.0, 25.75
2017-05-18 23:44:38, 164.5, 169.0, 9999.0, 9999.0, 7.75, 9999.0, 9999.0, 25.5
2017-05-18 23:44:40, 164.5, 169.0, 9999.0, 9999.0, 7.75, 9999.0, 9999.0, 25.5
2017-05-18 23:44:42, 164.75, 169.0, 9999.0, 9999.0, 7.75, 9999.0, 9999.0, 25.5
2017-05-18 23:44:45, 164.5, 169.0, 9999.0, 9999.0, 7.5, 9999.0, 9999.0, 25.5
2017-05-18 23:44:47, 164.5, 169.0, 9999.0, 9999.0, 7.5, 9999.0, 9999.0, 25.5
2017-05-18 23:44:49, 164.5, 169.0, 9999.0, 9999.0, 7.5, 9999.0, 9999.0, 25.5
2017-05-18 23:44:51, 164.5, 169.0, 9999.0, 9999.0, 7.5, 9999.0, 9999.0, 25.5
2017-05-18 23:44:53, 164.5, 169.0, 9999.0, 9999.0, 7.5, 9999.0, 9999.0, 25.5
2017-05-18 23:44:55, 164.5, 169.0, 9999.0, 9999.0, 7.75, 9999.0, 9999.0, 25.5
2017-05-18 23:44:57, 164.5, 169.0, 9999.0, 9999.0, 7.75, 9999.0, 9999.0, 25.25
2017-05-18 23:44:59, 164.5, 169.0, 9999.0, 9999.0, 7.75, 9999.0, 9999.0, 25.25
2017-05-18 23:45:01, 164.5, 169.0, 9999.0, 9999.0, 7.75, 9999.0, 9999.0, 25.5
2017-05-18 23:45:03, 164.5, 169.0, 9999.0, 9999.0, 7.75, 9999.0, 9999.0, 25.5
2017-05-18 23:45:05, 164.75, 169.25, 9999.0, 9999.0, 7.75, 9999.0, 9999.0, 25.5
2017-05-18 23:45:07, 164.75, 169.0, 9999.0, 9999.0, 7.5, 9999.0, 9999.0, 25.5
2017-05-18 23:45:09, 164.5, 169.25, 9999.0, 9999.0, 8.25, 9999.0, 9999.0, 25.5
2017-05-18 23:45:11, 164.5, 169.25, 9999.0, 9999.0, 8.25, 9999.0, 9999.0, 25.5
2017-05-18 23:45:13, 164.5, 169.25, 9999.0, 9999.0, 8.25, 9999.0, 9999.0, 25.5
2017-05-18 23:45:15, 164.5, 169.25, 9999.0, 9999.0, 8.0, 9999.0, 9999.0, 26.0
2017-05-18 23:45:17, 164.5, 169.0, 9999.0, 9999.0, 8.0, 9999.0, 9999.0, 26.0
2017-05-18 23:45:19, 164.5, 169.25, 9999.0, 9999.0, 8.0, 9999.0, 9999.0, 26.0
2017-05-18 23:45:22, 164.5, 169.0, 9999.0, 9999.0, 8.0, 9999.0, 9999.0, 26.0
2017-05-18 23:45:24, 164.5, 169.25, 9999.0, 9999.0, 8.0, 9999.0, 9999.0, 25.75
2017-05-18 23:45:26, 164.5, 169.0, 9999.0, 9999.0, 7.75, 9999.0, 9999.0, 25.75
2017-05-18 23:45:28, 164.5, 169.0, 9999.0, 9999.0, 7.75, 9999.0, 9999.0, 25.75
2017-05-18 23:45:30, 164.5, 169.0, 9999.0, 9999.0, 7.75, 9999.0, 9999.0, 25.75
2017-05-18 23:45:32, 164.5, 169.0, 9999.0, 9999.0, 7.75, 9999.0, 9999.0, 25.75
2017-05-18 23:45:34, 164.5, 169.0, 9999.0, 9999.0, 7.75, 9999.0, 9999.0, 25.5
2017-05-18 23:45:36, 164.5, 169.0, 9999.0, 9999.0, 7.75, 9999.0, 9999.0, 25.5
2017-05-18 23:45:38, 164.5, 169.0, 9999.0, 9999.0, 7.75, 9999.0, 9999.0, 25.5
2017-05-18 23:45:40, 164.5, 169.0, 9999.0, 9999.0, 7.5, 9999.0, 9999.0, 25.5
2017-05-18 23:45:42, 164.5, 169.0, 9999.0, 9999.0, 7.5, 9999.0, 9999.0, 25.25
2017-05-18 23:45:44, 164.5, 169.0, 9999.0, 9999.0, 7.5, 9999.0, 9999.0, 25.5
2017-05-18 23:45:46, 164.5, 169.0, 9999.0, 9999.0, 7.5, 9999.0, 9999.0, 25.5
2017-05-18 23:45:48, 164.5, 169.0, 9999.0, 9999.0, 7.5, 9999.0, 9999.0, 25.25
2017-05-18 23:45:50, 164.5, 169.0, 9999.0, 9999.0, 7.75, 9999.0, 9999.0, 25.25
2017-05-18 23:45:52, 164.5, 169.0, 9999.0, 9999.0, 7.75, 9999.0, 9999.0, 25.25
2017-05-18 23:45:54, 164.5, 169.0, 9999.0, 9999.0, 7.75, 9999.0, 9999.0, 25.5
2017-05-18 23:45:56, 164.5, 169.0, 9999.0, 9999.0, 7.75, 9999.0, 9999.0, 25.5
2017-05-18 23:45:58, 164.5, 169.0, 9999.0, 9999.0, 7.75, 9999.0, 9999.0, 25.5
2017-05-18 23:46:01, 164.5, 169.25, 9999.0, 9999.0, 7.75, 9999.0, 9999.0, 25.5
2017-05-18 23:46:03, 164.5, 169.0, 9999.0, 9999.0, 8.25, 9999.0, 9999.0, 25.5
2017-05-18 23:46:05, 164.5, 169.0, 9999.0, 9999.0, 8.25, 9999.0, 9999.0, 25.5
2017-05-18 23:46:07, 164.75, 169.0, 9999.0, 9999.0, 8.25, 9999.0, 9999.0, 25.5
2017-05-18 23:46:09, 164.5, 169.0, 9999.0, 9999.0, 8.25, 9999.0, 9999.0, 26.0
2017-05-18 23:46:11, 164.5, 169.0, 9999.0, 9999.0, 8.0, 9999.0, 9999.0, 26.0
2017-05-18 23:46:13, 164.5, 169.25, 9999.0, 9999.0, 8.0, 9999.0, 9999.0, 26.0
2017-05-18 23:46:15, 164.5, 169.0, 9999.0, 9999.0, 8.0, 9999.0, 9999.0, 25.75
2017-05-18 23:46:17, 164.5, 169.0, 9999.0, 9999.0, 8.0, 9999.0, 9999.0, 26.0
2017-05-18 23:46:19, 164.5, 169.25, 9999.0, 9999.0, 8.0, 9999.0, 9999.0, 25.75
2017-05-18 23:46:21, 164.5, 169.0, 9999.0, 9999.0, 7.75, 9999.0, 9999.0, 25.75
2017-05-18 23:46:23, 164.5, 169.0, 9999.0, 9999.0, 7.75, 9999.0, 9999.0, 25.75
2017-05-18 23:46:25, 164.5, 169.0, 9999.0, 9999.0, 7.75, 9999.0, 9999.0, 25.75
2017-05-18 23:46:27, 164.5, 169.0, 9999.0, 9999.0, 7.75, 9999.0, 9999.0, 25.5
2017-05-18 23:46:29, 164.5, 169.0, 9999.0, 9999.0, 7.75, 9999.0, 9999.0, 25.5
2017-05-18 23:46:31, 164.5, 169.0, 9999.0, 9999.0, 7.75, 9999.0, 9999.0, 25.5
2017-05-18 23:46:33, 164.5, 169.0, 9999.0, 9999.0, 7.75, 9999.0, 9999.0, 25.5
2017-05-18 23:46:35, 164.5, 169.0, 9999.0, 9999.0, 7.75, 9999.0, 9999.0, 25.5
2017-05-18 23:46:37, 164.5, 169.0, 9999.0, 9999.0, 7.5, 9999.0, 9999.0, 25.5
2017-05-18 23:46:39, 164.5, 169.0, 9999.0, 9999.0, 7.5, 9999.0, 9999.0, 25.5
2017-05-18 23:46:42, 164.5, 169.0, 9999.0, 9999.0, 7.5, 9999.0, 9999.0, 25.5
2017-05-18 23:46:44, 164.5, 169.0, 9999.0, 9999.0, 7.5, 9999.0, 9999.0, 25.5
2017-05-18 23:46:46, 164.5, 169.0, 9999.0, 9999.0, 7.75, 9999.0, 9999.0, 25.5
2017-05-18 23:46:48, 164.5, 169.0, 9999.0, 9999.0, 7.75, 9999.0, 9999.0, 25.25
2017-05-18 23:46:50, 164.5, 169.0, 9999.0, 9999.0, 7.75, 9999.0, 9999.0, 25.5
2017-05-18 23:46:52, 164.75, 169.25, 9999.0, 9999.0, 7.75, 9999.0, 9999.0, 25.5
2017-05-18 23:46:54, 164.75, 169.25, 9999.0, 9999.0, 7.5, 9999.0, 9999.0, 25.5
2017-05-18 23:46:56, 164.5, 169.25, 9999.0, 9999.0, 7.75, 9999.0, 9999.0, 25.5
2017-05-18 23:46:58, 164.5, 169.25, 9999.0, 9999.0, 8.25, 9999.0, 9999.0, 25.25
2017-05-18 23:47:00, 164.5, 169.0, 9999.0, 9999.0, 8.25, 9999.0, 9999.0, 25.5
2017-05-18 23:47:02, 164.5, 169.25, 9999.0, 9999.0, 8.25, 9999.0, 9999.0, 26.0
2017-05-18 23:47:04, 164.5, 169.25, 9999.0, 9999.0, 8.25, 9999.0, 9999.0, 26.0
2017-05-18 23:47:06, 164.5, 169.25, 9999.0, 9999.0, 8.0, 9999.0, 9999.0, 26.0
2017-05-18 23:47:08, 164.5, 169.25, 9999.0, 9999.0, 8.0, 9999.0, 9999.0, 25.75
2017-05-18 23:47:10, 164.5, 169.25, 9999.0, 9999.0, 8.0, 9999.0, 9999.0, 25.75
2017-05-18 23:47:12, 164.5, 169.25, 9999.0, 9999.0, 8.0, 9999.0, 9999.0, 25.25
2017-05-18 23:47:15, 164.5, 169.25, 9999.0, 9999.0, 8.0, 9999.0, 9999.0, 25.75
2017-05-18 23:47:17, 164.5, 169.25, 9999.0, 9999.0, 7.75, 9999.0, 9999.0, 25.75
2017-05-18 23:47:19, 164.5, 169.0, 9999.0, 9999.0, 7.75, 9999.0, 9999.0, 25.75
2017-05-18 23:47:21, 164.5, 169.0, 9999.0, 9999.0, 7.75, 9999.0, 9999.0, 25.5
2017-05-18 23:47:23, 164.5, 169.0, 9999.0, 9999.0, 7.75, 9999.0, 9999.0, 25.5
2017-05-18 23:47:25, 164.75, 169.0, 9999.0, 9999.0, 7.75, 9999.0, 9999.0, 25.5
2017-05-18 23:47:27, 164.5, 169.0, 9999.0, 9999.0, 7.75, 9999.0, 9999.0, 25.5
2017-05-18 23:47:29, 164.5, 169.0, 9999.0, 9999.0, 7.75, 9999.0, 9999.0, 25.5
2017-05-18 23:47:31, 164.5, 169.0, 9999.0, 9999.0, 7.75, 9999.0, 9999.0, 25.5
2017-05-18 23:47:33, 164.5, 169.0, 9999.0, 9999.0, 7.75, 9999.0, 9999.0, 25.5
2017-05-18 23:47:35, 164.5, 169.0, 9999.0, 9999.0, 7.5, 9999.0, 9999.0, 25.25
2017-05-18 23:47:37, 164.5, 169.0, 9999.0, 9999.0, 7.75, 9999.0, 9999.0, 25.5
2017-05-18 23:47:39, 164.5, 169.0, 9999.0, 9999.0, 7.75, 9999.0, 9999.0, 25.25
2017-05-18 23:47:41, 164.5, 169.0, 9999.0, 9999.0, 7.75, 9999.0, 9999.0, 25.25
2017-05-18 23:47:43, 164.5, 169.0, 9999.0, 9999.0, 7.75, 9999.0, 9999.0, 25.5
2017-05-18 23:47:45, 164.5, 169.25, 9999.0, 9999.0, 7.75, 9999.0, 9999.0, 25.5
2017-05-18 23:47:47, 164.75, 169.25, 9999.0, 9999.0, 7.75, 9999.0, 9999.0, 25.5
2017-05-18 23:47:49, 164.5, 169.25, 9999.0, 9999.0, 7.5, 9999.0, 9999.0, 25.5
2017-05-18 23:47:51, 164.75, 169.25, 9999.0, 9999.0, 8.25, 9999.0, 9999.0, 25.5
2017-05-18 23:47:53, 164.5, 169.25, 9999.0, 9999.0, 8.25, 9999.0, 9999.0, 25.5
2017-05-18 23:47:56, 164.75, 169.25, 9999.0, 9999.0, 8.25, 9999.0, 9999.0, 25.5
2017-05-18 23:47:58, 164.5, 169.25, 9999.0, 9999.0, 8.25, 9999.0, 9999.0, 26.0
2017-05-18 23:48:00, 164.5, 169.0, 9999.0, 9999.0, 8.25, 9999.0, 9999.0, 26.0
2017-05-18 23:48:02, 164.5, 169.0, 9999.0, 9999.0, 8.0, 9999.0, 9999.0, 26.0
2017-05-18 23:48:04, 164.5, 169.25, 9999.0, 9999.0, 8.0, 9999.0, 9999.0, 26.0
2017-05-18 23:48:06, 164.5, 169.0, 9999.0, 9999.0, 8.0, 9999.0, 9999.0, 25.5
2017-05-18 23:48:08, 164.5, 169.25, 9999.0, 9999.0, 8.0, 9999.0, 9999.0, 25.75
2017-05-18 23:48:10, 164.5, 169.25, 9999.0, 9999.0, 7.75, 9999.0, 9999.0, 25.75
2017-05-18 23:48:12, 164.5, 169.25, 9999.0, 9999.0, 7.75, 9999.0, 9999.0, 25.75
2017-05-18 23:48:14, 164.5, 169.25, 9999.0, 9999.0, 7.75, 9999.0, 9999.0, 25.75
2017-05-18 23:48:16, 164.5, 169.0, 9999.0, 9999.0, 7.75, 9999.0, 9999.0, 25.75
2017-05-18 23:48:18, 164.5, 169.25, 9999.0, 9999.0, 7.5, 9999.0, 9999.0, 25.5
2017-05-18 23:48:20, 164.75, 169.0, 9999.0, 9999.0, 7.75, 9999.0, 9999.0, 25.5
2017-05-18 23:48:22, 164.75, 169.25, 9999.0, 9999.0, 7.75, 9999.0, 9999.0, 25.5
2017-05-18 23:48:24, 164.5, 169.25, 9999.0, 9999.0, 7.75, 9999.0, 9999.0, 25.5
2017-05-18 23:48:26, 164.5, 169.0, 9999.0, 9999.0, 7.5, 9999.0, 9999.0, 25.5
2017-05-18 23:48:28, 164.5, 169.0, 9999.0, 9999.0, 7.5, 9999.0, 9999.0, 25.5
2017-05-18 23:48:30, 164.5, 169.0, 9999.0, 9999.0, 7.5, 9999.0, 9999.0, 25.25
2017-05-18 23:48:32, 164.5, 169.0, 9999.0, 9999.0, 7.75, 9999.0, 9999.0, 25.5
2017-05-18 23:48:34, 164.5, 169.25, 9999.0, 9999.0, 7.75, 9999.0, 9999.0, 25.25
2017-05-18 23:48:37, 164.5, 169.0, 9999.0, 9999.0, 7.75, 9999.0, 9999.0, 25.25
2017-05-18 23:48:39, 164.5, 169.25, 9999.0, 9999.0, 7.75, 9999.0, 9999.0, 25.5
2017-05-18 23:48:41, 164.75, 169.25, 9999.0, 9999.0, 7.5, 9999.0, 9999.0, 25.5
2017-05-18 23:48:43, 164.75, 169.25, 9999.0, 9999.0, 7.5, 9999.0, 9999.0, 25.5
2017-05-18 23:48:45, 164.75, 169.25, 9999.0, 9999.0, 8.25, 9999.0, 9999.0, 25.5
2017-05-18 23:48:47, 164.75, 169.25, 9999.0, 9999.0, 8.25, 9999.0, 9999.0, 25.5
2017-05-18 23:48:49, 164.75, 169.25, 9999.0, 9999.0, 8.25, 9999.0, 9999.0, 25.5
2017-05-18 23:48:51, 164.5, 169.25, 9999.0, 9999.0, 8.25, 9999.0, 9999.0, 26.0
2017-05-18 23:48:53, 164.5, 169.25, 9999.0, 9999.0, 8.0, 9999.0, 9999.0, 26.0
2017-05-18 23:48:55, 164.5, 169.25, 9999.0, 9999.0, 8.25, 9999.0, 9999.0, 26.25
2017-05-18 23:48:57, 164.5, 169.25, 9999.0, 9999.0, 8.0, 9999.0, 9999.0, 26.0
2017-05-18 23:48:59, 164.5, 169.25, 9999.0, 9999.0, 8.0, 9999.0, 9999.0, 25.75
2017-05-18 23:49:01, 164.5, 169.25, 9999.0, 9999.0, 8.0, 9999.0, 9999.0, 25.75
2017-05-18 23:49:03, 164.5, 169.0, 9999.0, 9999.0, 7.75, 9999.0, 9999.0, 25.75
2017-05-18 23:49:05, 164.5, 169.0, 9999.0, 9999.0, 7.75, 9999.0, 9999.0, 25.75
2017-05-18 23:49:07, 164.5, 169.25, 9999.0, 9999.0, 7.75, 9999.0, 9999.0, 25.75
2017-05-18 23:49:09, 164.5, 169.0, 9999.0, 9999.0, 7.75, 9999.0, 9999.0, 25.75
2017-05-18 23:49:11, 164.5, 169.25, 9999.0, 9999.0, 7.75, 9999.0, 9999.0, 25.5
2017-05-18 23:49:14, 164.75, 169.25, 9999.0, 9999.0, 7.75, 9999.0, 9999.0, 25.5
2017-05-18 23:49:16, 164.75, 169.25, 9999.0, 9999.0, 7.5, 9999.0, 9999.0, 25.5
2017-05-18 23:49:18, 164.75, 169.25, 9999.0, 9999.0, 7.5, 9999.0, 9999.0, 25.5
2017-05-18 23:49:20, 164.75, 169.0, 9999.0, 9999.0, 7.5, 9999.0, 9999.0, 25.5
2017-05-18 23:49:22, 164.5, 169.0, 9999.0, 9999.0, 7.5, 9999.0, 9999.0, 25.5
2017-05-18 23:49:24, 164.5, 169.25, 9999.0, 9999.0, 7.5, 9999.0, 9999.0, 25.5
2017-05-18 23:49:26, 164.5, 169.0, 9999.0, 9999.0, 7.75, 9999.0, 9999.0, 25.0
2017-05-18 23:49:28, 164.5, 169.0, 9999.0, 9999.0, 7.75, 9999.0, 9999.0, 25.25
2017-05-18 23:49:30, 164.5, 169.0, 9999.0, 9999.0, 7.75, 9999.0, 9999.0, 25.25
2017-05-18 23:49:32, 164.5, 169.0, 9999.0, 9999.0, 7.5, 9999.0, 9999.0, 25.5
2017-05-18 23:49:34, 164.75, 169.0, 9999.0, 9999.0, 7.5, 9999.0, 9999.0, 25.5
2017-05-18 23:49:36, 164.75, 169.25, 9999.0, 9999.0, 7.75, 9999.0, 9999.0, 25.5
2017-05-18 23:49:38, 164.75, 169.25, 9999.0, 9999.0, 7.75, 9999.0, 9999.0, 25.5
2017-05-18 23:49:40, 164.5, 169.25, 9999.0, 9999.0, 8.25, 9999.0, 9999.0, 25.5
2017-05-18 23:49:42, 164.5, 169.25, 9999.0, 9999.0, 8.25, 9999.0, 9999.0, 25.5
2017-05-18 23:49:44, 164.75, 169.25, 9999.0, 9999.0, 8.25, 9999.0, 9999.0, 25.5
2017-05-18 23:49:46, 164.75, 169.25, 9999.0, 9999.0, 8.0, 9999.0, 9999.0, 26.0
2017-05-18 23:49:49, 164.75, 169.25, 9999.0, 9999.0, 8.0, 9999.0, 9999.0, 26.0
2017-05-18 23:49:51, 164.75, 169.25, 9999.0, 9999.0, 8.0, 9999.0, 9999.0, 26.0
2017-05-18 23:49:53, 164.75, 169.25, 9999.0, 9999.0, 8.0, 9999.0, 9999.0, 26.0
2017-05-18 23:49:55, 164.5, 169.25, 9999.0, 9999.0, 8.0, 9999.0, 9999.0, 25.75
2017-05-18 23:49:57, 164.5, 169.25, 9999.0, 9999.0, 7.75, 9999.0, 9999.0, 25.75
2017-05-18 23:49:59, 164.5, 169.25, 9999.0, 9999.0, 7.75, 9999.0, 9999.0, 25.75
2017-05-18 23:50:01, 164.5, 169.25, 9999.0, 9999.0, 7.75, 9999.0, 9999.0, 25.75
2017-05-18 23:50:03, 164.5, 169.25, 9999.0, 9999.0, 7.75, 9999.0, 9999.0, 25.5
2017-05-18 23:50:05, 164.5, 169.25, 9999.0, 9999.0, 7.75, 9999.0, 9999.0, 25.75
2017-05-18 23:50:07, 164.5, 169.0, 9999.0, 9999.0, 7.75, 9999.0, 9999.0, 25.5
2017-05-18 23:50:09, 164.75, 169.25, 9999.0, 9999.0, 7.5, 9999.0, 9999.0, 25.5
2017-05-18 23:50:11, 164.5, 169.0, 9999.0, 9999.0, 7.75, 9999.0, 9999.0, 25.5
2017-05-18 23:50:13, 164.75, 169.25, 9999.0, 9999.0, 7.5, 9999.0, 9999.0, 25.5
2017-05-18 23:50:15, 164.75, 169.25, 9999.0, 9999.0, 7.5, 9999.0, 9999.0, 25.5
2017-05-18 23:50:17, 164.75, 169.0, 9999.0, 9999.0, 7.5, 9999.0, 9999.0, 25.5
2017-05-18 23:50:19, 164.5, 169.25, 9999.0, 9999.0, 7.5, 9999.0, 9999.0, 25.25
2017-05-18 23:50:21, 164.5, 169.0, 9999.0, 9999.0, 7.75, 9999.0, 9999.0, 25.5
2017-05-18 23:50:23, 164.5, 169.25, 9999.0, 9999.0, 7.75, 9999.0, 9999.0, 25.25
2017-05-18 23:50:25, 164.5, 169.25, 9999.0, 9999.0, 7.75, 9999.0, 9999.0, 25.25
2017-05-18 23:50:28, 164.5, 169.0, 9999.0, 9999.0, 7.5, 9999.0, 9999.0, 25.5
2017-05-18 23:50:30, 164.75, 169.25, 9999.0, 9999.0, 7.75, 9999.0, 9999.0, 25.5
2017-05-18 23:50:32, 164.75, 169.25, 9999.0, 9999.0, 7.75, 9999.0, 9999.0, 25.5
2017-05-18 23:50:34, 164.75, 169.25, 9999.0, 9999.0, 8.25, 9999.0, 9999.0, 25.5
2017-05-18 23:50:36, 164.75, 169.25, 9999.0, 9999.0, 8.25, 9999.0, 9999.0, 25.5
2017-05-18 23:50:38, 164.75, 169.25, 9999.0, 9999.0, 8.25, 9999.0, 9999.0, 25.25
2017-05-18 23:50:40, 164.75, 169.25, 9999.0, 9999.0, 8.25, 9999.0, 9999.0, 26.0
2017-05-18 23:50:42, 164.75, 169.25, 9999.0, 9999.0, 8.0, 9999.0, 9999.0, 26.0
2017-05-18 23:50:44, 164.75, 169.25, 9999.0, 9999.0, 8.0, 9999.0, 9999.0, 26.0
2017-05-18 23:50:46, 164.75, 169.25, 9999.0, 9999.0, 8.0, 9999.0, 9999.0, 26.0
2017-05-18 23:50:48, 164.5, 169.25, 9999.0, 9999.0, 8.0, 9999.0, 9999.0, 26.0
2017-05-18 23:50:50, 164.5, 169.25, 9999.0, 9999.0, 8.0, 9999.0, 9999.0, 25.75
2017-05-18 23:50:52, 164.75, 169.25, 9999.0, 9999.0, 7.75, 9999.0, 9999.0, 25.75
2017-05-18 23:50:54, 164.75, 169.25, 9999.0, 9999.0, 7.75, 9999.0, 9999.0, 25.75
2017-05-18 23:50:56, 164.5, 169.25, 9999.0, 9999.0, 7.75, 9999.0, 9999.0, 25.5
2017-05-18 23:50:58, 164.5, 169.25, 9999.0, 9999.0, 7.75, 9999.0, 9999.0, 25.5
2017-05-18 23:51:00, 164.5, 169.25, 9999.0, 9999.0, 7.75, 9999.0, 9999.0, 25.75
2017-05-18 23:51:03, 164.75, 169.25, 9999.0, 9999.0, 7.5, 9999.0, 9999.0, 25.5
2017-05-18 23:51:05, 164.75, 169.25, 9999.0, 9999.0, 7.75, 9999.0, 9999.0, 25.5
2017-05-18 23:51:07, 164.5, 169.25, 9999.0, 9999.0, 7.75, 9999.0, 9999.0, 25.5
2017-05-18 23:51:09, 164.75, 169.0, 9999.0, 9999.0, 7.75, 9999.0, 9999.0, 25.5
2017-05-18 23:51:11, 164.75, 169.0, 9999.0, 9999.0, 7.5, 9999.0, 9999.0, 25.5
2017-05-18 23:51:13, 164.75, 169.0, 9999.0, 9999.0, 7.5, 9999.0, 9999.0, 25.5
2017-05-18 23:51:15, 164.75, 169.25, 9999.0, 9999.0, 7.75, 9999.0, 9999.0, 25.5
2017-05-18 23:51:17, 164.75, 169.25, 9999.0, 9999.0, 7.75, 9999.0, 9999.0, 25.25
2017-05-18 23:51:19, 164.5, 169.25, 9999.0, 9999.0, 7.75, 9999.0, 9999.0, 25.25
2017-05-18 23:51:21, 164.75, 169.25, 9999.0, 9999.0, 7.75, 9999.0, 9999.0, 25.5
2017-05-18 23:51:23, 164.75, 169.25, 9999.0, 9999.0, 7.75, 9999.0, 9999.0, 25.5
2017-05-18 23:51:25, 164.75, 169.25, 9999.0, 9999.0, 7.5, 9999.0, 9999.0, 25.5
2017-05-18 23:51:27, 164.75, 169.25, 9999.0, 9999.0, 7.5, 9999.0, 9999.0, 25.5
2017-05-18 23:51:29, 164.5, 169.25, 9999.0, 9999.0, 8.25, 9999.0, 9999.0, 25.5
2017-05-18 23:51:31, 164.75, 169.25, 9999.0, 9999.0, 8.25, 9999.0, 9999.0, 25.5
2017-05-18 23:51:33, 164.75, 169.25, 9999.0, 9999.0, 8.25, 9999.0, 9999.0, 25.5
2017-05-18 23:51:35, 164.5, 169.25, 9999.0, 9999.0, 8.25, 9999.0, 9999.0, 26.0
2017-05-18 23:51:37, 164.75, 169.25, 9999.0, 9999.0, 8.0, 9999.0, 9999.0, 26.0
2017-05-18 23:51:39, 164.75, 169.25, 9999.0, 9999.0, 8.0, 9999.0, 9999.0, 26.0
2017-05-18 23:51:42, 164.75, 169.25, 9999.0, 9999.0, 8.0, 9999.0, 9999.0, 25.75
2017-05-18 23:51:44, 164.75, 169.25, 9999.0, 9999.0, 8.0, 9999.0, 9999.0, 25.75
2017-05-18 23:51:46, 164.5, 169.0, 9999.0, 9999.0, 7.75, 9999.0, 9999.0, 25.75
2017-05-18 23:51:48, 164.75, 169.25, 9999.0, 9999.0, 7.5, 9999.0, 9999.0, 25.75
2017-05-18 23:51:50, 164.75, 169.25, 9999.0, 9999.0, 7.75, 9999.0, 9999.0, 25.75
2017-05-18 23:51:52, 164.75, 169.25, 9999.0, 9999.0, 7.75, 9999.0, 9999.0, 25.75
2017-05-18 23:51:54, 164.5, 169.25, 9999.0, 9999.0, 7.75, 9999.0, 9999.0, 25.75
2017-05-18 23:51:56, 164.5, 169.25, 9999.0, 9999.0, 7.75, 9999.0, 9999.0, 25.5
2017-05-18 23:51:58, 164.75, 169.25, 9999.0, 9999.0, 7.75, 9999.0, 9999.0, 25.5
2017-05-18 23:52:00, 164.75, 169.0, 9999.0, 9999.0, 7.75, 9999.0, 9999.0, 25.5
2017-05-18 23:52:02, 164.75, 169.0, 9999.0, 9999.0, 7.75, 9999.0, 9999.0, 25.5
2017-05-18 23:52:04, 164.75, 169.0, 9999.0, 9999.0, 7.75, 9999.0, 9999.0, 25.5
2017-05-18 23:52:06, 164.5, 169.25, 9999.0, 9999.0, 7.5, 9999.0, 9999.0, 25.5
2017-05-18 23:52:08, 164.75, 169.25, 9999.0, 9999.0, 7.5, 9999.0, 9999.0, 25.5
2017-05-18 23:52:10, 164.5, 169.25, 9999.0, 9999.0, 7.75, 9999.0, 9999.0, 25.5
2017-05-18 23:52:12, 164.75, 169.0, 9999.0, 9999.0, 7.75, 9999.0, 9999.0, 25.5
2017-05-18 23:52:14, 164.75, 169.25, 9999.0, 9999.0, 7.5, 9999.0, 9999.0, 25.5
2017-05-18 23:52:16, 164.75, 169.25, 9999.0, 9999.0, 7.75, 9999.0, 9999.0, 25.5
2017-05-18 23:52:19, 164.75, 169.25, 9999.0, 9999.0, 7.5, 9999.0, 9999.0, 25.5
2017-05-18 23:52:21, 164.75, 169.25, 9999.0, 9999.0, 7.5, 9999.0, 9999.0, 25.5
2017-05-18 23:52:23, 164.75, 169.25, 9999.0, 9999.0, 8.25, 9999.0, 9999.0, 25.5
2017-05-18 23:52:25, 164.75, 169.25, 9999.0, 9999.0, 8.25, 9999.0, 9999.0, 25.5
2017-05-18 23:52:27, 164.75, 169.25, 9999.0, 9999.0, 8.25, 9999.0, 9999.0, 25.5
2017-05-18 23:52:29, 164.75, 169.25, 9999.0, 9999.0, 8.0, 9999.0, 9999.0, 26.0
2017-05-18 23:52:31, 164.75, 169.25, 9999.0, 9999.0, 8.25, 9999.0, 9999.0, 26.0
2017-05-18 23:52:33, 164.75, 169.25, 9999.0, 9999.0, 8.0, 9999.0, 9999.0, 26.0
2017-05-18 23:52:35, 164.75, 169.0, 9999.0, 9999.0, 8.0, 9999.0, 9999.0, 25.75
2017-05-18 23:52:37, 164.75, 169.25, 9999.0, 9999.0, 8.0, 9999.0, 9999.0, 25.75
2017-05-18 23:52:39, 164.75, 169.25, 9999.0, 9999.0, 8.0, 9999.0, 9999.0, 25.75
2017-05-18 23:52:41, 164.75, 169.0, 9999.0, 9999.0, 8.0, 9999.0, 9999.0, 25.75
2017-05-18 23:52:43, 164.75, 169.25, 9999.0, 9999.0, 8.0, 9999.0, 9999.0, 25.75
2017-05-18 23:52:45, 164.75, 169.25, 9999.0, 9999.0, 7.75, 9999.0, 9999.0, 25.75
2017-05-18 23:52:47, 164.75, 169.25, 9999.0, 9999.0, 7.75, 9999.0, 9999.0, 25.75
2017-05-18 23:52:49, 164.75, 169.25, 9999.0, 9999.0, 7.75, 9999.0, 9999.0, 25.75
2017-05-18 23:52:51, 164.75, 169.0, 9999.0, 9999.0, 7.75, 9999.0, 9999.0, 25.5
2017-05-18 23:52:53, 164.75, 169.25, 9999.0, 9999.0, 7.75, 9999.0, 9999.0, 25.5
2017-05-18 23:52:55, 164.75, 169.0, 9999.0, 9999.0, 7.75, 9999.0, 9999.0, 25.5
2017-05-18 23:52:57, 164.75, 169.25, 9999.0, 9999.0, 7.75, 9999.0, 9999.0, 25.5
2017-05-18 23:53:00, 164.75, 169.0, 9999.0, 9999.0, 7.5, 9999.0, 9999.0, 25.5
2017-05-18 23:53:02, 164.75, 169.0, 9999.0, 9999.0, 7.5, 9999.0, 9999.0, 25.5
2017-05-18 23:53:04, 164.75, 169.0, 9999.0, 9999.0, 7.75, 9999.0, 9999.0, 25.5
2017-05-18 23:53:06, 164.75, 169.25, 9999.0, 9999.0, 7.75, 9999.0, 9999.0, 25.5
2017-05-18 23:53:08, 164.75, 169.0, 9999.0, 9999.0, 7.75, 9999.0, 9999.0, 25.25
2017-05-18 23:53:10, 164.75, 169.25, 9999.0, 9999.0, 7.75, 9999.0, 9999.0, 25.5
2017-05-18 23:53:12, 164.75, 169.25, 9999.0, 9999.0, 7.75, 9999.0, 9999.0, 25.5
2017-05-18 23:53:14, 164.75, 169.25, 9999.0, 9999.0, 7.75, 9999.0, 9999.0, 25.5
2017-05-18 23:53:16, 164.75, 169.25, 9999.0, 9999.0, 7.5, 9999.0, 9999.0, 25.5
2017-05-18 23:53:18, 164.75, 169.25, 9999.0, 9999.0, 8.25, 9999.0, 9999.0, 25.5
2017-05-18 23:53:20, 164.75, 169.25, 9999.0, 9999.0, 8.25, 9999.0, 9999.0, 25.5
2017-05-18 23:53:22, 164.75, 169.25, 9999.0, 9999.0, 8.25, 9999.0, 9999.0, 25.25
2017-05-18 23:53:24, 164.75, 169.25, 9999.0, 9999.0, 8.25, 9999.0, 9999.0, 26.0
2017-05-18 23:53:26, 164.75, 169.25, 9999.0, 9999.0, 8.0, 9999.0, 9999.0, 26.0
2017-05-18 23:53:28, 164.75, 169.25, 9999.0, 9999.0, 8.0, 9999.0, 9999.0, 26.0
2017-05-18 23:53:30, 164.75, 169.25, 9999.0, 9999.0, 8.0, 9999.0, 9999.0, 26.0
2017-05-18 23:53:32, 164.75, 169.25, 9999.0, 9999.0, 8.0, 9999.0, 9999.0, 25.75
2017-05-18 23:53:34, 164.75, 169.25, 9999.0, 9999.0, 8.0, 9999.0, 9999.0, 25.75
2017-05-18 23:53:37, 164.75, 169.25, 9999.0, 9999.0, 8.0, 9999.0, 9999.0, 25.75
2017-05-18 23:53:39, 164.75, 169.25, 9999.0, 9999.0, 7.75, 9999.0, 9999.0, 25.75
2017-05-18 23:53:41, 164.5, 169.25, 9999.0, 9999.0, 7.75, 9999.0, 9999.0, 25.75
2017-05-18 23:53:43, 164.75, 169.25, 9999.0, 9999.0, 7.75, 9999.0, 9999.0, 25.75
2017-05-18 23:53:45, 164.75, 169.25, 9999.0, 9999.0, 7.75, 9999.0, 9999.0, 25.5
2017-05-18 23:53:47, 164.75, 169.25, 9999.0, 9999.0, 7.75, 9999.0, 9999.0, 25.5
2017-05-18 23:53:49, 164.75, 169.25, 9999.0, 9999.0, 7.75, 9999.0, 9999.0, 25.5
2017-05-18 23:53:51, 164.75, 169.25, 9999.0, 9999.0, 7.75, 9999.0, 9999.0, 25.5
2017-05-18 23:53:53, 164.75, 169.0, 9999.0, 9999.0, 7.5, 9999.0, 9999.0, 25.5
2017-05-18 23:53:55, 164.75, 169.25, 9999.0, 9999.0, 7.75, 9999.0, 9999.0, 25.5
2017-05-18 23:53:57, 164.75, 169.25, 9999.0, 9999.0, 7.5, 9999.0, 9999.0, 25.5
2017-05-18 23:53:59, 164.75, 169.25, 9999.0, 9999.0, 7.75, 9999.0, 9999.0, 25.5
2017-05-18 23:54:01, 164.75, 169.25, 9999.0, 9999.0, 7.75, 9999.0, 9999.0, 25.25
2017-05-18 23:54:03, 164.75, 169.25, 9999.0, 9999.0, 7.75, 9999.0, 9999.0, 25.5
2017-05-18 23:54:05, 164.75, 169.25, 9999.0, 9999.0, 7.75, 9999.0, 9999.0, 25.5
2017-05-18 23:54:07, 164.75, 169.25, 9999.0, 9999.0, 7.75, 9999.0, 9999.0, 25.5
2017-05-18 23:54:09, 164.75, 169.25, 9999.0, 9999.0, 7.75, 9999.0, 9999.0, 25.5
2017-05-18 23:54:11, 164.75, 169.25, 9999.0, 9999.0, 8.25, 9999.0, 9999.0, 25.5
2017-05-18 23:54:13, 164.75, 169.5, 9999.0, 9999.0, 8.25, 9999.0, 9999.0, 25.5
2017-05-18 23:54:15, 164.75, 169.25, 9999.0, 9999.0, 8.25, 9999.0, 9999.0, 25.5
2017-05-18 23:54:18, 164.75, 169.25, 9999.0, 9999.0, 8.25, 9999.0, 9999.0, 26.0
2017-05-18 23:54:20, 164.75, 169.25, 9999.0, 9999.0, 8.0, 9999.0, 9999.0, 26.0
2017-05-18 23:54:22, 164.75, 169.25, 9999.0, 9999.0, 8.0, 9999.0, 9999.0, 26.0
2017-05-18 23:54:24, 164.75, 169.25, 9999.0, 9999.0, 8.0, 9999.0, 9999.0, 26.0
2017-05-18 23:54:26, 164.75, 169.25, 9999.0, 9999.0, 8.0, 9999.0, 9999.0, 25.75
2017-05-18 23:54:28, 164.75, 169.25, 9999.0, 9999.0, 8.0, 9999.0, 9999.0, 25.75
2017-05-18 23:54:30, 164.75, 169.25, 9999.0, 9999.0, 8.0, 9999.0, 9999.0, 25.75
2017-05-18 23:54:32, 164.75, 169.25, 9999.0, 9999.0, 8.0, 9999.0, 9999.0, 25.75
2017-05-18 23:54:34, 164.75, 169.25, 9999.0, 9999.0, 7.75, 9999.0, 9999.0, 25.75
2017-05-18 23:54:36, 164.75, 169.25, 9999.0, 9999.0, 7.75, 9999.0, 9999.0, 25.75
2017-05-18 23:54:38, 164.75, 169.25, 9999.0, 9999.0, 7.75, 9999.0, 9999.0, 25.5
2017-05-18 23:54:40, 164.75, 169.25, 9999.0, 9999.0, 7.75, 9999.0, 9999.0, 25.5
2017-05-18 23:54:42, 164.75, 169.25, 9999.0, 9999.0, 7.5, 9999.0, 9999.0, 25.5
2017-05-18 23:54:44, 164.75, 169.25, 9999.0, 9999.0, 7.75, 9999.0, 9999.0, 25.5
2017-05-18 23:54:46, 164.75, 169.25, 9999.0, 9999.0, 7.5, 9999.0, 9999.0, 25.5
2017-05-18 23:54:48, 164.75, 169.25, 9999.0, 9999.0, 7.5, 9999.0, 9999.0, 25.5
2017-05-18 23:54:50, 164.75, 169.25, 9999.0, 9999.0, 7.5, 9999.0, 9999.0, 25.5
2017-05-18 23:54:53, 164.75, 169.25, 9999.0, 9999.0, 7.75, 9999.0, 9999.0, 25.5
2017-05-18 23:54:55, 164.75, 169.25, 9999.0, 9999.0, 7.75, 9999.0, 9999.0, 25.5
2017-05-18 23:54:57, 164.75, 169.25, 9999.0, 9999.0, 7.75, 9999.0, 9999.0, 25.5
2017-05-18 23:54:59, 164.75, 169.25, 9999.0, 9999.0, 7.75, 9999.0, 9999.0, 25.5
2017-05-18 23:55:01, 164.75, 169.25, 9999.0, 9999.0, 7.75, 9999.0, 9999.0, 25.5
2017-05-18 23:55:03, 164.75, 169.25, 9999.0, 9999.0, 7.75, 9999.0, 9999.0, 25.5
2017-05-18 23:55:05, 164.75, 169.25, 9999.0, 9999.0, 7.5, 9999.0, 9999.0, 25.5
2017-05-18 23:55:07, 164.75, 169.25, 9999.0, 9999.0, 8.25, 9999.0, 9999.0, 25.5
2017-05-18 23:55:09, 164.75, 169.25, 9999.0, 9999.0, 8.25, 9999.0, 9999.0, 25.5
2017-05-18 23:55:11, 165.0, 169.25, 9999.0, 9999.0, 8.25, 9999.0, 9999.0, 26.0
2017-05-18 23:55:13, 164.75, 169.25, 9999.0, 9999.0, 8.25, 9999.0, 9999.0, 26.0
2017-05-18 23:55:15, 164.75, 169.25, 9999.0, 9999.0, 8.0, 9999.0, 9999.0, 26.0
2017-05-18 23:55:17, 164.75, 169.25, 9999.0, 9999.0, 8.0, 9999.0, 9999.0, 26.0
2017-05-18 23:55:19, 164.75, 169.25, 9999.0, 9999.0, 8.0, 9999.0, 9999.0, 26.0
2017-05-18 23:55:21, 164.75, 169.25, 9999.0, 9999.0, 8.0, 9999.0, 9999.0, 26.0
2017-05-18 23:55:23, 164.75, 169.25, 9999.0, 9999.0, 8.0, 9999.0, 9999.0, 25.75
2017-05-18 23:55:25, 164.75, 169.25, 9999.0, 9999.0, 8.0, 9999.0, 9999.0, 25.75
2017-05-18 23:55:27, 164.75, 169.25, 9999.0, 9999.0, 7.75, 9999.0, 9999.0, 25.75
2017-05-18 23:55:29, 164.75, 169.25, 9999.0, 9999.0, 7.75, 9999.0, 9999.0, 25.75
2017-05-18 23:55:31, 164.75, 169.25, 9999.0, 9999.0, 7.75, 9999.0, 9999.0, 25.75
2017-05-18 23:55:33, 164.75, 169.25, 9999.0, 9999.0, 7.75, 9999.0, 9999.0, 25.5
2017-05-18 23:55:36, 164.75, 169.25, 9999.0, 9999.0, 7.75, 9999.0, 9999.0, 25.5
2017-05-18 23:55:38, 165.0, 169.25, 9999.0, 9999.0, 7.75, 9999.0, 9999.0, 25.5
2017-05-18 23:55:40, 165.0, 169.25, 9999.0, 9999.0, 7.75, 9999.0, 9999.0, 25.5
2017-05-18 23:55:42, 164.75, 169.25, 9999.0, 9999.0, 7.5, 9999.0, 9999.0, 25.5
2017-05-18 23:55:44, 164.75, 176.5, 9999.0, 9999.0, 7.5, 9999.0, 9999.0, 25.5
2017-05-18 23:55:46, 164.75, 169.25, 9999.0, 9999.0, 7.75, 9999.0, 9999.0, 25.5
2017-05-18 23:55:48, 165.0, 169.25, 9999.0, 9999.0, 7.75, 9999.0, 9999.0, 25.5
2017-05-18 23:55:50, 164.75, 169.25, 9999.0, 9999.0, 7.75, 9999.0, 9999.0, 25.25
2017-05-18 23:55:52, 165.0, 169.25, 9999.0, 9999.0, 7.75, 9999.0, 9999.0, 25.5
2017-05-18 23:55:54, 164.75, 169.25, 9999.0, 9999.0, 7.75, 9999.0, 9999.0, 25.75
2017-05-18 23:55:56, 165.0, 169.25, 9999.0, 9999.0, 7.5, 9999.0, 9999.0, 25.5
2017-05-18 23:55:58, 164.75, 169.25, 9999.0, 9999.0, 7.75, 9999.0, 9999.0, 25.5
2017-05-18 23:56:00, 164.75, 169.25, 9999.0, 9999.0, 8.25, 9999.0, 9999.0, 25.5
2017-05-18 23:56:02, 165.0, 169.25, 9999.0, 9999.0, 8.25, 9999.0, 9999.0, 25.5
2017-05-18 23:56:04, 164.75, 169.25, 9999.0, 9999.0, 8.25, 9999.0, 9999.0, 25.5
2017-05-18 23:56:06, 164.75, 169.25, 9999.0, 9999.0, 8.25, 9999.0, 9999.0, 26.0
2017-05-18 23:56:08, 164.75, 169.25, 9999.0, 9999.0, 8.0, 9999.0, 9999.0, 26.0
2017-05-18 23:56:11, 164.75, 169.5, 9999.0, 9999.0, 8.0, 9999.0, 9999.0, 26.0
2017-05-18 23:56:13, 164.75, 169.25, 9999.0, 9999.0, 8.0, 9999.0, 9999.0, 26.0
2017-05-18 23:56:15, 164.75, 169.25, 9999.0, 9999.0, 8.0, 9999.0, 9999.0, 26.0
2017-05-18 23:56:17, 164.75, 169.25, 9999.0, 9999.0, 8.0, 9999.0, 9999.0, 25.75
2017-05-18 23:56:19, 164.75, 169.25, 9999.0, 9999.0, 8.0, 9999.0, 9999.0, 25.75
2017-05-18 23:56:21, 164.75, 169.25, 9999.0, 9999.0, 7.75, 9999.0, 9999.0, 25.75
2017-05-18 23:56:23, 164.75, 169.25, 9999.0, 9999.0, 7.75, 9999.0, 9999.0, 25.75
2017-05-18 23:56:25, 164.75, 169.25, 9999.0, 9999.0, 7.75, 9999.0, 9999.0, 25.75
2017-05-18 23:56:27, 164.75, 169.25, 9999.0, 9999.0, 7.75, 9999.0, 9999.0, 25.5
2017-05-18 23:56:29, 165.0, 169.25, 9999.0, 9999.0, 7.75, 9999.0, 9999.0, 25.5
2017-05-18 23:56:31, 165.0, 169.25, 9999.0, 9999.0, 7.5, 9999.0, 9999.0, 25.5
2017-05-18 23:56:33, 165.0, 169.25, 9999.0, 9999.0, 7.5, 9999.0, 9999.0, 25.5
2017-05-18 23:56:35, 164.75, 169.25, 9999.0, 9999.0, 7.75, 9999.0, 9999.0, 25.5
2017-05-18 23:56:37, 164.75, 169.25, 9999.0, 9999.0, 7.75, 9999.0, 9999.0, 25.5
2017-05-18 23:56:39, 165.0, 169.25, 9999.0, 9999.0, 7.5, 9999.0, 9999.0, 25.5
2017-05-18 23:56:41, 164.75, 169.25, 9999.0, 9999.0, 7.75, 9999.0, 9999.0, 25.5
2017-05-18 23:56:43, 164.75, 169.25, 9999.0, 9999.0, 7.75, 9999.0, 9999.0, 25.5
2017-05-18 23:56:45, 165.0, 169.25, 9999.0, 9999.0, 7.75, 9999.0, 9999.0, 25.5
2017-05-18 23:56:47, 165.0, 169.25, 9999.0, 9999.0, 7.75, 9999.0, 9999.0, 25.75
2017-05-18 23:56:49, 186.75, 169.25, 9999.0, 9999.0, 7.75, 9999.0, 9999.0, 25.5
2017-05-18 23:56:51, 165.0, 169.25, 9999.0, 9999.0, 7.75, 9999.0, 9999.0, 25.5
2017-05-18 23:56:54, 165.0, 169.25, 9999.0, 9999.0, 8.25, 9999.0, 9999.0, 25.5
2017-05-18 23:56:56, 164.75, 169.5, 9999.0, 9999.0, 8.25, 9999.0, 9999.0, 25.5
2017-05-18 23:56:58, 165.0, 169.5, 9999.0, 9999.0, 8.25, 9999.0, 9999.0, 25.5
2017-05-18 23:57:00, 165.0, 169.5, 9999.0, 9999.0, 8.25, 9999.0, 9999.0, 26.0
2017-05-18 23:57:02, 164.75, 169.25, 9999.0, 9999.0, 8.0, 9999.0, 9999.0, 26.0
2017-05-18 23:57:04, 164.75, 169.25, 9999.0, 9999.0, 8.0, 9999.0, 9999.0, 26.0
2017-05-18 23:57:06, 165.0, 169.25, 9999.0, 9999.0, 8.0, 9999.0, 9999.0, 26.0
2017-05-18 23:57:08, 165.0, 169.25, 9999.0, 9999.0, 8.0, 9999.0, 9999.0, 26.0
2017-05-18 23:57:10, 165.0, 169.25, 9999.0, 9999.0, 8.0, 9999.0, 9999.0, 25.75
2017-05-18 23:57:12, 164.75, 169.25, 9999.0, 9999.0, 8.0, 9999.0, 9999.0, 25.75
2017-05-18 23:57:14, 165.0, 169.5, 9999.0, 9999.0, 7.75, 9999.0, 9999.0, 25.75
2017-05-18 23:57:16, 165.0, 169.25, 9999.0, 9999.0, 7.75, 9999.0, 9999.0, 25.75
2017-05-18 23:57:18, 164.75, 169.25, 9999.0, 9999.0, 7.75, 9999.0, 9999.0, 25.75
2017-05-18 23:57:20, 164.75, 169.25, 9999.0, 9999.0, 7.75, 9999.0, 9999.0, 25.75
2017-05-18 23:57:22, 165.0, 169.25, 9999.0, 9999.0, 7.75, 9999.0, 9999.0, 25.5
2017-05-18 23:57:24, 164.75, 169.25, 9999.0, 9999.0, 7.75, 9999.0, 9999.0, 25.5
2017-05-18 23:57:26, 165.0, 169.25, 9999.0, 9999.0, 7.75, 9999.0, 9999.0, 25.75
2017-05-18 23:57:28, 165.0, 169.25, 9999.0, 9999.0, 7.75, 9999.0, 9999.0, 25.5
2017-05-18 23:57:30, 165.0, 169.25, 9999.0, 9999.0, 7.5, 9999.0, 9999.0, 25.5
2017-05-18 23:57:33, 165.0, 169.25, 9999.0, 9999.0, 7.5, 9999.0, 9999.0, 25.5
2017-05-18 23:57:35, 164.75, 169.25, 9999.0, 9999.0, 7.75, 9999.0, 9999.0, 25.5
2017-05-18 23:57:37, 165.0, 169.25, 9999.0, 9999.0, 7.75, 9999.0, 9999.0, 25.5
2017-05-18 23:57:39, 164.75, 169.25, 9999.0, 9999.0, 7.75, 9999.0, 9999.0, 25.5
2017-05-18 23:57:41, 165.0, 169.25, 9999.0, 9999.0, 7.75, 9999.0, 9999.0, 25.5
2017-05-18 23:57:43, 165.0, 169.5, 9999.0, 9999.0, 7.75, 9999.0, 9999.0, 25.75
2017-05-18 23:57:45, 165.0, 169.5, 9999.0, 9999.0, 7.75, 9999.0, 9999.0, 25.75
2017-05-18 23:57:47, 164.75, 169.5, 9999.0, 9999.0, 7.75, 9999.0, 9999.0, 25.75
2017-05-18 23:57:49, 165.0, 169.5, 9999.0, 9999.0, 8.25, 9999.0, 9999.0, 25.5
2017-05-18 23:57:51, 165.0, 169.5, 9999.0, 9999.0, 8.25, 9999.0, 9999.0, 25.5
2017-05-18 23:57:53, 164.75, 169.5, 9999.0, 9999.0, 8.25, 9999.0, 9999.0, 25.5
2017-05-18 23:57:55, 165.0, 169.5, 9999.0, 9999.0, 8.25, 9999.0, 9999.0, 26.0
2017-05-18 23:57:57, 164.75, 169.5, 9999.0, 9999.0, 8.0, 9999.0, 9999.0, 26.0
2017-05-18 23:57:59, 165.0, 169.5, 9999.0, 9999.0, 8.0, 9999.0, 9999.0, 26.0
2017-05-18 23:58:01, 165.0, 169.5, 9999.0, 9999.0, 8.0, 9999.0, 9999.0, 26.0
2017-05-18 23:58:03, 165.0, 169.25, 9999.0, 9999.0, 8.0, 9999.0, 9999.0, 26.0
2017-05-18 23:58:05, 165.0, 169.5, 9999.0, 9999.0, 8.0, 9999.0, 9999.0, 26.0
2017-05-18 23:58:07, 165.0, 169.5, 9999.0, 9999.0, 8.0, 9999.0, 9999.0, 25.75
2017-05-18 23:58:09, 164.75, 169.5, 9999.0, 9999.0, 8.0, 9999.0, 9999.0, 25.75
2017-05-18 23:58:11, 164.75, 169.5, 9999.0, 9999.0, 7.75, 9999.0, 9999.0, 25.75
2017-05-18 23:58:14, 164.75, 169.5, 9999.0, 9999.0, 7.75, 9999.0, 9999.0, 25.75
2017-05-18 23:58:16, 165.0, 169.5, 9999.0, 9999.0, 7.75, 9999.0, 9999.0, 25.75
2017-05-18 23:58:18, 165.0, 169.25, 9999.0, 9999.0, 7.75, 9999.0, 9999.0, 25.75
2017-05-18 23:58:20, 165.0, 169.25, 9999.0, 9999.0, 7.75, 9999.0, 9999.0, 25.5
2017-05-18 23:58:22, 165.0, 169.5, 9999.0, 9999.0, 7.75, 9999.0, 9999.0, 25.75
2017-05-18 23:58:24, 165.0, 169.5, 9999.0, 9999.0, 7.5, 9999.0, 9999.0, 25.5
2017-05-18 23:58:26, 164.75, 169.5, 9999.0, 9999.0, 7.75, 9999.0, 9999.0, 25.5
2017-05-18 23:58:28, 165.0, 169.25, 9999.0, 9999.0, 7.5, 9999.0, 9999.0, 25.5
2017-05-18 23:58:30, 165.0, 169.5, 9999.0, 9999.0, 7.75, 9999.0, 9999.0, 25.5
2017-05-18 23:58:32, 165.0, 169.25, 9999.0, 9999.0, 7.75, 9999.0, 9999.0, 25.5
2017-05-18 23:58:34, 165.0, 169.25, 9999.0, 9999.0, 7.5, 9999.0, 9999.0, 25.5
2017-05-18 23:58:36, 165.0, 169.5, 9999.0, 9999.0, 7.75, 9999.0, 9999.0, 25.75
2017-05-18 23:58:38, 165.0, 169.5, 9999.0, 9999.0, 7.75, 9999.0, 9999.0, 25.5
2017-05-18 23:58:40, 165.0, 169.5, 9999.0, 9999.0, 7.75, 9999.0, 9999.0, 25.5
2017-05-18 23:58:42, 165.0, 169.5, 9999.0, 9999.0, 8.25, 9999.0, 9999.0, 25.5
2017-05-18 23:58:44, 165.0, 169.5, 9999.0, 9999.0, 8.25, 9999.0, 9999.0, 25.5
2017-05-18 23:58:46, 165.0, 169.5, 9999.0, 9999.0, 8.25, 9999.0, 9999.0, 25.5
2017-05-18 23:58:48, 165.0, 169.5, 9999.0, 9999.0, 8.25, 9999.0, 9999.0, 26.0
2017-05-18 23:58:51, 165.0, 169.5, 9999.0, 9999.0, 8.25, 9999.0, 9999.0, 26.0
2017-05-18 23:58:53, 165.0, 169.5, 9999.0, 9999.0, 17.5, 9999.0, 9999.0, 26.0
2017-05-18 23:58:55, 165.0, 169.25, 9999.0, 9999.0, 8.0, 9999.0, 9999.0, 26.0
2017-05-18 23:58:57, 165.0, 169.5, 9999.0, 9999.0, 8.0, 9999.0, 9999.0, 26.0
2017-05-18 23:58:59, 165.0, 169.25, 9999.0, 9999.0, 8.0, 9999.0, 9999.0, 26.0
2017-05-18 23:59:01, 164.75, 169.25, 9999.0, 9999.0, 7.75, 9999.0, 9999.0, 26.0
2017-05-18 23:59:03, 164.75, 169.5, 9999.0, 9999.0, 8.0, 9999.0, 9999.0, 25.75
2017-05-18 23:59:05, 165.0, 169.5, 9999.0, 9999.0, 7.75, 9999.0, 9999.0, 25.75
2017-05-18 23:59:07, 165.0, 169.5, 9999.0, 9999.0, 7.75, 9999.0, 9999.0, 25.75
2017-05-18 23:59:09, 165.0, 169.5, 9999.0, 9999.0, 7.75, 9999.0, 9999.0, 25.75
2017-05-18 23:59:11, 165.0, 169.25, 9999.0, 9999.0, 7.75, 9999.0, 9999.0, 25.75
2017-05-18 23:59:13, 165.0, 169.5, 9999.0, 9999.0, 7.75, 9999.0, 9999.0, 25.5
2017-05-18 23:59:15, 165.0, 169.5, 9999.0, 9999.0, 7.75, 9999.0, 9999.0, 25.5
2017-05-18 23:59:17, 165.0, 169.25, 9999.0, 9999.0, 7.75, 9999.0, 9999.0, 25.5
2017-05-18 23:59:19, 165.0, 169.25, 9999.0, 9999.0, 7.5, 9999.0, 9999.0, 25.5
2017-05-18 23:59:21, 164.75, 169.5, 9999.0, 9999.0, 7.75, 9999.0, 9999.0, 25.5
2017-05-18 23:59:23, 165.0, 169.5, 9999.0, 9999.0, 7.75, 9999.0, 9999.0, 25.5
2017-05-18 23:59:25, 165.0, 169.5, 9999.0, 9999.0, 7.75, 9999.0, 9999.0, 25.5
2017-05-18 23:59:27, 165.0, 169.25, 9999.0, 9999.0, 7.75, 9999.0, 9999.0, 25.5
2017-05-18 23:59:30, 165.0, 169.25, 9999.0, 9999.0, 7.75, 9999.0, 9999.0, 25.75
2017-05-18 23:59:32, 165.0, 169.5, 9999.0, 9999.0, 7.75, 9999.0, 9999.0, 25.75
2017-05-18 23:59:34, 165.0, 169.5, 9999.0, 9999.0, 7.75, 9999.0, 9999.0, 25.75
2017-05-18 23:59:36, 165.0, 169.5, 9999.0, 9999.0, 8.5, 9999.0, 9999.0, 25.5
2017-05-18 23:59:38, 165.0, 169.5, 9999.0, 9999.0, 8.25, 9999.0, 9999.0, 25.5
2017-05-18 23:59:40, 165.0, 169.5, 9999.0, 9999.0, 8.25, 9999.0, 9999.0, 25.5
2017-05-18 23:59:42, 165.0, 169.5, 9999.0, 9999.0, 8.25, 9999.0, 9999.0, 26.0
2017-05-18 23:59:44, 165.0, 169.5, 9999.0, 9999.0, 8.25, 9999.0, 9999.0, 26.0
2017-05-18 23:59:46, 165.0, 169.5, 9999.0, 9999.0, 8.0, 9999.0, 9999.0, 26.0
2017-05-18 23:59:48, 165.0, 169.5, 9999.0, 9999.0, 8.0, 9999.0, 9999.0, 26.0
2017-05-18 23:59:50, 165.0, 169.5, 9999.0, 9999.0, 8.0, 9999.0, 9999.0, 26.0
2017-05-18 23:59:52, 165.0, 169.5, 9999.0, 9999.0, 8.0, 9999.0, 9999.0, 26.0
2017-05-18 23:59:54, 165.0, 169.5, 9999.0, 9999.0, 8.0, 9999.0, 9999.0, 25.75
2017-05-18 23:59:56, 165.0, 169.5, 9999.0, 9999.0, 8.0, 9999.0, 9999.0, 26.0
2017-05-18 23:59:58, 165.0, 169.5, 9999.0, 9999.0, 8.0, 9999.0, 9999.0, 25.75
